image_id,image_path,role,label,method,tube_conf,roi_conf,mean_au,p95_au,sat_frac
solo_test_neg_blue_1,C:\n.gonorrhea_diagnostic_app\dataset\solo\test\neg\solo_test_neg_blue_1.jpg,solo,neg,G,0.8435,0.8185,181.763412,206.000000,0.000000
solo_test_neg_blue_1,C:\n.gonorrhea_diagnostic_app\dataset\solo\test\neg\solo_test_neg_blue_1.jpg,solo,neg,HSV_V,0.8435,0.8185,226.489197,247.000000,0.000000
solo_test_neg_blue_1,C:\n.gonorrhea_diagnostic_app\dataset\solo\test\neg\solo_test_neg_blue_1.jpg,solo,neg,GRAY,0.8435,0.8185,179.123749,200.000000,0.000000
solo_test_neg_blue_1,C:\n.gonorrhea_diagnostic_app\dataset\solo\test\neg\solo_test_neg_blue_1.jpg,solo,neg,HSV_S,0.8435,0.8185,208.542084,213.000000,0.000000
solo_test_neg_blue_1,C:\n.gonorrhea_diagnostic_app\dataset\solo\test\neg\solo_test_neg_blue_1.jpg,solo,neg,G_norm,0.8435,0.8185,102.949860,105.314468,0.000000
solo_test_neg_blue_1,C:\n.gonorrhea_diagnostic_app\dataset\solo\test\neg\solo_test_neg_blue_1.jpg,solo,neg,G_ratio,0.8435,0.8185,230.565109,239.473969,0.000000
solo_test_neg_blue_1,C:\n.gonorrhea_diagnostic_app\dataset\solo\test\neg\solo_test_neg_blue_1.jpg,solo,neg,ExG,0.8435,0.8185,118.033134,183.837204,0.000000
solo_test_neg_blue_2,C:\n.gonorrhea_diagnostic_app\dataset\solo\test\neg\solo_test_neg_blue_2.jpg,solo,neg,G,0.8440,0.8029,182.012100,209.000000,0.000000
solo_test_neg_blue_2,C:\n.gonorrhea_diagnostic_app\dataset\solo\test\neg\solo_test_neg_blue_2.jpg,solo,neg,HSV_V,0.8440,0.8029,226.173798,247.000000,0.000000
solo_test_neg_blue_2,C:\n.gonorrhea_diagnostic_app\dataset\solo\test\neg\solo_test_neg_blue_2.jpg,solo,neg,GRAY,0.8440,0.8029,179.140106,202.000000,0.000000
solo_test_neg_blue_2,C:\n.gonorrhea_diagnostic_app\dataset\solo\test\neg\solo_test_neg_blue_2.jpg,solo,neg,HSV_S,0.8440,0.8029,208.700562,213.000000,0.000000
solo_test_neg_blue_2,C:\n.gonorrhea_diagnostic_app\dataset\solo\test\neg\solo_test_neg_blue_2.jpg,solo,neg,G_norm,0.8440,0.8029,103.081085,106.163261,0.000000
solo_test_neg_blue_2,C:\n.gonorrhea_diagnostic_app\dataset\solo\test\neg\solo_test_neg_blue_2.jpg,solo,neg,G_ratio,0.8440,0.8029,226.907318,238.335831,0.000000
solo_test_neg_blue_2,C:\n.gonorrhea_diagnostic_app\dataset\solo\test\neg\solo_test_neg_blue_2.jpg,solo,neg,ExG,0.8440,0.8029,122.290314,187.500000,0.000000
solo_test_neg_neg_2x_01,C:\n.gonorrhea_diagnostic_app\dataset\solo\test\neg\solo_test_neg_neg_2x_01.jpg,solo,neg,G,0.8435,0.8185,181.763412,206.000000,0.000000
solo_test_neg_neg_2x_01,C:\n.gonorrhea_diagnostic_app\dataset\solo\test\neg\solo_test_neg_neg_2x_01.jpg,solo,neg,HSV_V,0.8435,0.8185,226.489197,247.000000,0.000000
solo_test_neg_neg_2x_01,C:\n.gonorrhea_diagnostic_app\dataset\solo\test\neg\solo_test_neg_neg_2x_01.jpg,solo,neg,GRAY,0.8435,0.8185,179.123749,200.000000,0.000000
solo_test_neg_neg_2x_01,C:\n.gonorrhea_diagnostic_app\dataset\solo\test\neg\solo_test_neg_neg_2x_01.jpg,solo,neg,HSV_S,0.8435,0.8185,208.542084,213.000000,0.000000
solo_test_neg_neg_2x_01,C:\n.gonorrhea_diagnostic_app\dataset\solo\test\neg\solo_test_neg_neg_2x_01.jpg,solo,neg,G_norm,0.8435,0.8185,102.949860,105.314468,0.000000
solo_test_neg_neg_2x_01,C:\n.gonorrhea_diagnostic_app\dataset\solo\test\neg\solo_test_neg_neg_2x_01.jpg,solo,neg,G_ratio,0.8435,0.8185,230.565109,239.473969,0.000000
solo_test_neg_neg_2x_01,C:\n.gonorrhea_diagnostic_app\dataset\solo\test\neg\solo_test_neg_neg_2x_01.jpg,solo,neg,ExG,0.8435,0.8185,118.033134,183.837204,0.000000
solo_test_neg_neg_2x_02,C:\n.gonorrhea_diagnostic_app\dataset\solo\test\neg\solo_test_neg_neg_2x_02.jpg,solo,neg,G,0.8440,0.8029,182.012100,209.000000,0.000000
solo_test_neg_neg_2x_02,C:\n.gonorrhea_diagnostic_app\dataset\solo\test\neg\solo_test_neg_neg_2x_02.jpg,solo,neg,HSV_V,0.8440,0.8029,226.173798,247.000000,0.000000
solo_test_neg_neg_2x_02,C:\n.gonorrhea_diagnostic_app\dataset\solo\test\neg\solo_test_neg_neg_2x_02.jpg,solo,neg,GRAY,0.8440,0.8029,179.140106,202.000000,0.000000
solo_test_neg_neg_2x_02,C:\n.gonorrhea_diagnostic_app\dataset\solo\test\neg\solo_test_neg_neg_2x_02.jpg,solo,neg,HSV_S,0.8440,0.8029,208.700562,213.000000,0.000000
solo_test_neg_neg_2x_02,C:\n.gonorrhea_diagnostic_app\dataset\solo\test\neg\solo_test_neg_neg_2x_02.jpg,solo,neg,G_norm,0.8440,0.8029,103.081085,106.163261,0.000000
solo_test_neg_neg_2x_02,C:\n.gonorrhea_diagnostic_app\dataset\solo\test\neg\solo_test_neg_neg_2x_02.jpg,solo,neg,G_ratio,0.8440,0.8029,226.907318,238.335831,0.000000
solo_test_neg_neg_2x_02,C:\n.gonorrhea_diagnostic_app\dataset\solo\test\neg\solo_test_neg_neg_2x_02.jpg,solo,neg,ExG,0.8440,0.8029,122.290314,187.500000,0.000000
solo_test_neg_r_0,C:\n.gonorrhea_diagnostic_app\dataset\solo\test\neg\solo_test_neg_r_0.jpg,solo,neg,G,0.8440,0.8029,182.012100,209.000000,0.000000
solo_test_neg_r_0,C:\n.gonorrhea_diagnostic_app\dataset\solo\test\neg\solo_test_neg_r_0.jpg,solo,neg,HSV_V,0.8440,0.8029,226.173798,247.000000,0.000000
solo_test_neg_r_0,C:\n.gonorrhea_diagnostic_app\dataset\solo\test\neg\solo_test_neg_r_0.jpg,solo,neg,GRAY,0.8440,0.8029,179.140106,202.000000,0.000000
solo_test_neg_r_0,C:\n.gonorrhea_diagnostic_app\dataset\solo\test\neg\solo_test_neg_r_0.jpg,solo,neg,HSV_S,0.8440,0.8029,208.700562,213.000000,0.000000
solo_test_neg_r_0,C:\n.gonorrhea_diagnostic_app\dataset\solo\test\neg\solo_test_neg_r_0.jpg,solo,neg,G_norm,0.8440,0.8029,103.081085,106.163261,0.000000
solo_test_neg_r_0,C:\n.gonorrhea_diagnostic_app\dataset\solo\test\neg\solo_test_neg_r_0.jpg,solo,neg,G_ratio,0.8440,0.8029,226.907318,238.335831,0.000000
solo_test_neg_r_0,C:\n.gonorrhea_diagnostic_app\dataset\solo\test\neg\solo_test_neg_r_0.jpg,solo,neg,ExG,0.8440,0.8029,122.290314,187.500000,0.000000
solo_test_neg_tube_1_1,C:\n.gonorrhea_diagnostic_app\dataset\solo\test\neg\solo_test_neg_tube_1_1.jpg,solo,neg,G,0.8560,0.8195,185.198196,209.000000,0.000000
solo_test_neg_tube_1_1,C:\n.gonorrhea_diagnostic_app\dataset\solo\test\neg\solo_test_neg_tube_1_1.jpg,solo,neg,HSV_V,0.8560,0.8195,241.924774,255.000000,0.000000
solo_test_neg_tube_1_1,C:\n.gonorrhea_diagnostic_app\dataset\solo\test\neg\solo_test_neg_tube_1_1.jpg,solo,neg,GRAY,0.8560,0.8195,181.195236,199.000000,0.000000
solo_test_neg_tube_1_1,C:\n.gonorrhea_diagnostic_app\dataset\solo\test\neg\solo_test_neg_tube_1_1.jpg,solo,neg,HSV_S,0.8560,0.8195,253.846649,255.000000,0.000000
solo_test_neg_tube_1_1,C:\n.gonorrhea_diagnostic_app\dataset\solo\test\neg\solo_test_neg_tube_1_1.jpg,solo,neg,G_norm,0.8560,0.8195,109.775391,114.612900,0.000000
solo_test_neg_tube_1_1,C:\n.gonorrhea_diagnostic_app\dataset\solo\test\neg\solo_test_neg_tube_1_1.jpg,solo,neg,G_ratio,0.8560,0.8195,220.801743,237.791656,0.000000
solo_test_neg_tube_1_1,C:\n.gonorrhea_diagnostic_app\dataset\solo\test\neg\solo_test_neg_tube_1_1.jpg,solo,neg,ExG,0.8560,0.8195,190.736374,235.583755,0.000000
solo_test_neg_tube_1_2,C:\n.gonorrhea_diagnostic_app\dataset\solo\test\neg\solo_test_neg_tube_1_2.jpg,solo,neg,G,0.8446,0.8256,199.546494,222.000000,0.000000
solo_test_neg_tube_1_2,C:\n.gonorrhea_diagnostic_app\dataset\solo\test\neg\solo_test_neg_tube_1_2.jpg,solo,neg,HSV_V,0.8446,0.8256,244.283325,255.000000,0.000000
solo_test_neg_tube_1_2,C:\n.gonorrhea_diagnostic_app\dataset\solo\test\neg\solo_test_neg_tube_1_2.jpg,solo,neg,GRAY,0.8446,0.8256,197.398682,214.000000,0.000000
solo_test_neg_tube_1_2,C:\n.gonorrhea_diagnostic_app\dataset\solo\test\neg\solo_test_neg_tube_1_2.jpg,solo,neg,HSV_S,0.8446,0.8256,189.343063,195.000000,0.000000
solo_test_neg_tube_1_2,C:\n.gonorrhea_diagnostic_app\dataset\solo\test\neg\solo_test_neg_tube_1_2.jpg,solo,neg,G_norm,0.8446,0.8256,100.242256,103.784531,0.000000
solo_test_neg_tube_1_2,C:\n.gonorrhea_diagnostic_app\dataset\solo\test\neg\solo_test_neg_tube_1_2.jpg,solo,neg,G_ratio,0.8446,0.8256,228.135010,241.580917,0.000000
solo_test_neg_tube_1_2,C:\n.gonorrhea_diagnostic_app\dataset\solo\test\neg\solo_test_neg_tube_1_2.jpg,solo,neg,ExG,0.8446,0.8256,145.931885,220.468750,0.000000
solo_test_neg_tube_2_1,C:\n.gonorrhea_diagnostic_app\dataset\solo\test\neg\solo_test_neg_tube_2_1.jpg,solo,neg,G,0.8571,0.8108,169.407532,190.000000,0.000000
solo_test_neg_tube_2_1,C:\n.gonorrhea_diagnostic_app\dataset\solo\test\neg\solo_test_neg_tube_2_1.jpg,solo,neg,HSV_V,0.8571,0.8108,208.397293,225.000000,0.000000
solo_test_neg_tube_2_1,C:\n.gonorrhea_diagnostic_app\dataset\solo\test\neg\solo_test_neg_tube_2_1.jpg,solo,neg,GRAY,0.8571,0.8108,165.716919,183.000000,0.000000
solo_test_neg_tube_2_1,C:\n.gonorrhea_diagnostic_app\dataset\solo\test\neg\solo_test_neg_tube_2_1.jpg,solo,neg,HSV_S,0.8571,0.8108,212.931137,218.000000,0.000000
solo_test_neg_tube_2_1,C:\n.gonorrhea_diagnostic_app\dataset\solo\test\neg\solo_test_neg_tube_2_1.jpg,solo,neg,G_norm,0.8571,0.8108,104.490761,106.917046,0.000000
solo_test_neg_tube_2_1,C:\n.gonorrhea_diagnostic_app\dataset\solo\test\neg\solo_test_neg_tube_2_1.jpg,solo,neg,G_ratio,0.8571,0.8108,242.434753,251.889114,0.000000
solo_test_neg_tube_2_1,C:\n.gonorrhea_diagnostic_app\dataset\solo\test\neg\solo_test_neg_tube_2_1.jpg,solo,neg,ExG,0.8571,0.8108,196.596710,242.857147,0.000000
solo_test_neg_tube_2_2,C:\n.gonorrhea_diagnostic_app\dataset\solo\test\neg\solo_test_neg_tube_2_2.jpg,solo,neg,G,0.8471,0.7978,181.801743,203.000000,0.000000
solo_test_neg_tube_2_2,C:\n.gonorrhea_diagnostic_app\dataset\solo\test\neg\solo_test_neg_tube_2_2.jpg,solo,neg,HSV_V,0.8471,0.7978,229.971191,247.000000,0.000000
solo_test_neg_tube_2_2,C:\n.gonorrhea_diagnostic_app\dataset\solo\test\neg\solo_test_neg_tube_2_2.jpg,solo,neg,GRAY,0.8471,0.7978,181.981628,200.000000,0.000000
solo_test_neg_tube_2_2,C:\n.gonorrhea_diagnostic_app\dataset\solo\test\neg\solo_test_neg_tube_2_2.jpg,solo,neg,HSV_S,0.8471,0.7978,192.605621,197.000000,0.000000
solo_test_neg_tube_2_2,C:\n.gonorrhea_diagnostic_app\dataset\solo\test\neg\solo_test_neg_tube_2_2.jpg,solo,neg,G_norm,0.8471,0.7978,98.573067,101.028572,0.000000
solo_test_neg_tube_2_2,C:\n.gonorrhea_diagnostic_app\dataset\solo\test\neg\solo_test_neg_tube_2_2.jpg,solo,neg,G_ratio,0.8471,0.7978,242.117462,251.814117,0.000000
solo_test_neg_tube_2_2,C:\n.gonorrhea_diagnostic_app\dataset\solo\test\neg\solo_test_neg_tube_2_2.jpg,solo,neg,ExG,0.8471,0.7978,204.388367,245.892868,0.000000
solo_test_neg_tube_3_1,C:\n.gonorrhea_diagnostic_app\dataset\solo\test\neg\solo_test_neg_tube_3_1.jpg,solo,neg,G,0.8362,0.8157,176.739471,200.000000,0.000000
solo_test_neg_tube_3_1,C:\n.gonorrhea_diagnostic_app\dataset\solo\test\neg\solo_test_neg_tube_3_1.jpg,solo,neg,HSV_V,0.8362,0.8157,241.142929,255.000000,0.000000
solo_test_neg_tube_3_1,C:\n.gonorrhea_diagnostic_app\dataset\solo\test\neg\solo_test_neg_tube_3_1.jpg,solo,neg,GRAY,0.8362,0.8157,175.953705,194.000000,0.000000
solo_test_neg_tube_3_1,C:\n.gonorrhea_diagnostic_app\dataset\solo\test\neg\solo_test_neg_tube_3_1.jpg,solo,neg,HSV_S,0.8362,0.8157,253.887573,255.000000,0.000000
solo_test_neg_tube_3_1,C:\n.gonorrhea_diagnostic_app\dataset\solo\test\neg\solo_test_neg_tube_3_1.jpg,solo,neg,G_norm,0.8362,0.8157,107.249649,111.597374,0.000000
solo_test_neg_tube_3_1,C:\n.gonorrhea_diagnostic_app\dataset\solo\test\neg\solo_test_neg_tube_3_1.jpg,solo,neg,G_ratio,0.8362,0.8157,214.147400,229.111862,0.000000
solo_test_neg_tube_3_1,C:\n.gonorrhea_diagnostic_app\dataset\solo\test\neg\solo_test_neg_tube_3_1.jpg,solo,neg,ExG,0.8362,0.8157,158.133774,206.203705,0.000000
solo_test_neg_tube_3_2,C:\n.gonorrhea_diagnostic_app\dataset\solo\test\neg\solo_test_neg_tube_3_2.jpg,solo,neg,G,0.8359,0.8190,175.450851,200.000000,0.000000
solo_test_neg_tube_3_2,C:\n.gonorrhea_diagnostic_app\dataset\solo\test\neg\solo_test_neg_tube_3_2.jpg,solo,neg,HSV_V,0.8359,0.8190,239.901627,255.000000,0.000000
solo_test_neg_tube_3_2,C:\n.gonorrhea_diagnostic_app\dataset\solo\test\neg\solo_test_neg_tube_3_2.jpg,solo,neg,GRAY,0.8359,0.8190,174.870346,194.000000,0.000000
solo_test_neg_tube_3_2,C:\n.gonorrhea_diagnostic_app\dataset\solo\test\neg\solo_test_neg_tube_3_2.jpg,solo,neg,HSV_S,0.8359,0.8190,253.630722,255.000000,0.000000
solo_test_neg_tube_3_2,C:\n.gonorrhea_diagnostic_app\dataset\solo\test\neg\solo_test_neg_tube_3_2.jpg,solo,neg,G_norm,0.8359,0.8190,106.811691,111.066666,0.000000
solo_test_neg_tube_3_2,C:\n.gonorrhea_diagnostic_app\dataset\solo\test\neg\solo_test_neg_tube_3_2.jpg,solo,neg,G_ratio,0.8359,0.8190,212.901566,227.181534,0.000000
solo_test_neg_tube_3_2,C:\n.gonorrhea_diagnostic_app\dataset\solo\test\neg\solo_test_neg_tube_3_2.jpg,solo,neg,ExG,0.8359,0.8190,173.460663,211.212128,0.000000
solo_test_neg_tube_4_1,C:\n.gonorrhea_diagnostic_app\dataset\solo\test\neg\solo_test_neg_tube_4_1.jpg,solo,neg,G,0.8609,0.8184,183.999573,204.000000,0.000000
solo_test_neg_tube_4_1,C:\n.gonorrhea_diagnostic_app\dataset\solo\test\neg\solo_test_neg_tube_4_1.jpg,solo,neg,HSV_V,0.8609,0.8184,245.554382,255.000000,0.000000
solo_test_neg_tube_4_1,C:\n.gonorrhea_diagnostic_app\dataset\solo\test\neg\solo_test_neg_tube_4_1.jpg,solo,neg,GRAY,0.8609,0.8184,181.551117,196.000000,0.000000
solo_test_neg_tube_4_1,C:\n.gonorrhea_diagnostic_app\dataset\solo\test\neg\solo_test_neg_tube_4_1.jpg,solo,neg,HSV_S,0.8609,0.8184,253.854889,255.000000,0.000000
solo_test_neg_tube_4_1,C:\n.gonorrhea_diagnostic_app\dataset\solo\test\neg\solo_test_neg_tube_4_1.jpg,solo,neg,G_norm,0.8609,0.8184,108.720482,112.777779,0.000000
solo_test_neg_tube_4_1,C:\n.gonorrhea_diagnostic_app\dataset\solo\test\neg\solo_test_neg_tube_4_1.jpg,solo,neg,G_ratio,0.8609,0.8184,217.732025,231.965317,0.000000
solo_test_neg_tube_4_1,C:\n.gonorrhea_diagnostic_app\dataset\solo\test\neg\solo_test_neg_tube_4_1.jpg,solo,neg,ExG,0.8609,0.8184,158.046951,221.557373,0.000000
solo_test_neg_tube_4_2,C:\n.gonorrhea_diagnostic_app\dataset\solo\test\neg\solo_test_neg_tube_4_2.jpg,solo,neg,G,0.8640,0.8230,175.652603,192.000000,0.000000
solo_test_neg_tube_4_2,C:\n.gonorrhea_diagnostic_app\dataset\solo\test\neg\solo_test_neg_tube_4_2.jpg,solo,neg,HSV_V,0.8640,0.8230,245.239716,255.000000,0.000000
solo_test_neg_tube_4_2,C:\n.gonorrhea_diagnostic_app\dataset\solo\test\neg\solo_test_neg_tube_4_2.jpg,solo,neg,GRAY,0.8640,0.8230,176.479584,189.000000,0.000000
solo_test_neg_tube_4_2,C:\n.gonorrhea_diagnostic_app\dataset\solo\test\neg\solo_test_neg_tube_4_2.jpg,solo,neg,HSV_S,0.8640,0.8230,254.453888,255.000000,0.000000
solo_test_neg_tube_4_2,C:\n.gonorrhea_diagnostic_app\dataset\solo\test\neg\solo_test_neg_tube_4_2.jpg,solo,neg,G_norm,0.8640,0.8230,105.968071,110.113640,0.000000
solo_test_neg_tube_4_2,C:\n.gonorrhea_diagnostic_app\dataset\solo\test\neg\solo_test_neg_tube_4_2.jpg,solo,neg,G_ratio,0.8640,0.8230,229.350555,244.648193,0.000000
solo_test_neg_tube_4_2,C:\n.gonorrhea_diagnostic_app\dataset\solo\test\neg\solo_test_neg_tube_4_2.jpg,solo,neg,ExG,0.8640,0.8230,197.928772,247.213745,0.000000
solo_test_neg_tube_5_1,C:\n.gonorrhea_diagnostic_app\dataset\solo\test\neg\solo_test_neg_tube_5_1.jpg,solo,neg,G,0.8351,0.7819,184.188339,208.000000,0.000000
solo_test_neg_tube_5_1,C:\n.gonorrhea_diagnostic_app\dataset\solo\test\neg\solo_test_neg_tube_5_1.jpg,solo,neg,HSV_V,0.8351,0.7819,241.194336,255.000000,0.000000
solo_test_neg_tube_5_1,C:\n.gonorrhea_diagnostic_app\dataset\solo\test\neg\solo_test_neg_tube_5_1.jpg,solo,neg,GRAY,0.8351,0.7819,180.392960,198.000000,0.000000
solo_test_neg_tube_5_1,C:\n.gonorrhea_diagnostic_app\dataset\solo\test\neg\solo_test_neg_tube_5_1.jpg,solo,neg,HSV_S,0.8351,0.7819,253.771759,255.000000,0.000000
solo_test_neg_tube_5_1,C:\n.gonorrhea_diagnostic_app\dataset\solo\test\neg\solo_test_neg_tube_5_1.jpg,solo,neg,G_norm,0.8351,0.7819,109.017296,114.310349,0.000000
solo_test_neg_tube_5_1,C:\n.gonorrhea_diagnostic_app\dataset\solo\test\neg\solo_test_neg_tube_5_1.jpg,solo,neg,G_ratio,0.8351,0.7819,226.881943,245.378448,0.000000
solo_test_neg_tube_5_1,C:\n.gonorrhea_diagnostic_app\dataset\solo\test\neg\solo_test_neg_tube_5_1.jpg,solo,neg,ExG,0.8351,0.7819,197.952805,241.044785,0.000000
solo_test_neg_tube_5_2,C:\n.gonorrhea_diagnostic_app\dataset\solo\test\neg\solo_test_neg_tube_5_2.jpg,solo,neg,G,0.8344,0.8001,185.785934,210.000000,0.000000
solo_test_neg_tube_5_2,C:\n.gonorrhea_diagnostic_app\dataset\solo\test\neg\solo_test_neg_tube_5_2.jpg,solo,neg,HSV_V,0.8344,0.8001,242.416473,255.000000,0.000000
solo_test_neg_tube_5_2,C:\n.gonorrhea_diagnostic_app\dataset\solo\test\neg\solo_test_neg_tube_5_2.jpg,solo,neg,GRAY,0.8344,0.8001,181.714859,200.000000,0.000000
solo_test_neg_tube_5_2,C:\n.gonorrhea_diagnostic_app\dataset\solo\test\neg\solo_test_neg_tube_5_2.jpg,solo,neg,HSV_S,0.8344,0.8001,253.644348,255.000000,0.000000
solo_test_neg_tube_5_2,C:\n.gonorrhea_diagnostic_app\dataset\solo\test\neg\solo_test_neg_tube_5_2.jpg,solo,neg,G_norm,0.8344,0.8001,109.399963,114.830864,0.000000
solo_test_neg_tube_5_2,C:\n.gonorrhea_diagnostic_app\dataset\solo\test\neg\solo_test_neg_tube_5_2.jpg,solo,neg,G_ratio,0.8344,0.8001,224.372467,243.401443,0.000000
solo_test_neg_tube_5_2,C:\n.gonorrhea_diagnostic_app\dataset\solo\test\neg\solo_test_neg_tube_5_2.jpg,solo,neg,ExG,0.8344,0.8001,195.427185,240.145630,0.000000
solo_test_pos_2x_01,C:\n.gonorrhea_diagnostic_app\dataset\solo\test\pos\solo_test_pos_2x_01.jpg,solo,pos,G,0.8536,0.8182,244.695206,255.000000,0.288019
solo_test_pos_2x_01,C:\n.gonorrhea_diagnostic_app\dataset\solo\test\pos\solo_test_pos_2x_01.jpg,solo,pos,HSV_V,0.8536,0.8182,248.011383,255.000000,0.288019
solo_test_pos_2x_01,C:\n.gonorrhea_diagnostic_app\dataset\solo\test\pos\solo_test_pos_2x_01.jpg,solo,pos,GRAY,0.8536,0.8182,224.277191,233.000000,0.288019
solo_test_pos_2x_01,C:\n.gonorrhea_diagnostic_app\dataset\solo\test\pos\solo_test_pos_2x_01.jpg,solo,pos,HSV_S,0.8536,0.8182,195.307617,198.000000,0.288019
solo_test_pos_2x_01,C:\n.gonorrhea_diagnostic_app\dataset\solo\test\pos\solo_test_pos_2x_01.jpg,solo,pos,G_norm,0.8536,0.8182,113.310699,114.750000,0.288019
solo_test_pos_2x_01,C:\n.gonorrhea_diagnostic_app\dataset\solo\test\pos\solo_test_pos_2x_01.jpg,solo,pos,G_ratio,0.8536,0.8182,246.892654,252.515915,0.288019
solo_test_pos_2x_01,C:\n.gonorrhea_diagnostic_app\dataset\solo\test\pos\solo_test_pos_2x_01.jpg,solo,pos,ExG,0.8536,0.8182,196.122665,247.153839,0.288019
solo_test_pos_2x_02,C:\n.gonorrhea_diagnostic_app\dataset\solo\test\pos\solo_test_pos_2x_02.jpg,solo,pos,G,0.8618,0.8183,244.668228,255.000000,0.286385
solo_test_pos_2x_02,C:\n.gonorrhea_diagnostic_app\dataset\solo\test\pos\solo_test_pos_2x_02.jpg,solo,pos,HSV_V,0.8618,0.8183,247.956665,255.000000,0.286385
solo_test_pos_2x_02,C:\n.gonorrhea_diagnostic_app\dataset\solo\test\pos\solo_test_pos_2x_02.jpg,solo,pos,GRAY,0.8618,0.8183,224.309006,233.000000,0.286385
solo_test_pos_2x_02,C:\n.gonorrhea_diagnostic_app\dataset\solo\test\pos\solo_test_pos_2x_02.jpg,solo,pos,HSV_S,0.8618,0.8183,195.127274,197.000000,0.286385
solo_test_pos_2x_02,C:\n.gonorrhea_diagnostic_app\dataset\solo\test\pos\solo_test_pos_2x_02.jpg,solo,pos,G_norm,0.8618,0.8183,113.256706,114.499107,0.286385
solo_test_pos_2x_02,C:\n.gonorrhea_diagnostic_app\dataset\solo\test\pos\solo_test_pos_2x_02.jpg,solo,pos,G_ratio,0.8618,0.8183,247.940720,252.806030,0.286385
solo_test_pos_2x_02,C:\n.gonorrhea_diagnostic_app\dataset\solo\test\pos\solo_test_pos_2x_02.jpg,solo,pos,ExG,0.8618,0.8183,203.710602,255.000000,0.286385
solo_test_pos_blue_1,C:\n.gonorrhea_diagnostic_app\dataset\solo\test\pos\solo_test_pos_blue_1.jpg,solo,pos,G,0.8536,0.8182,244.695206,255.000000,0.288019
solo_test_pos_blue_1,C:\n.gonorrhea_diagnostic_app\dataset\solo\test\pos\solo_test_pos_blue_1.jpg,solo,pos,HSV_V,0.8536,0.8182,248.011383,255.000000,0.288019
solo_test_pos_blue_1,C:\n.gonorrhea_diagnostic_app\dataset\solo\test\pos\solo_test_pos_blue_1.jpg,solo,pos,GRAY,0.8536,0.8182,224.277191,233.000000,0.288019
solo_test_pos_blue_1,C:\n.gonorrhea_diagnostic_app\dataset\solo\test\pos\solo_test_pos_blue_1.jpg,solo,pos,HSV_S,0.8536,0.8182,195.307617,198.000000,0.288019
solo_test_pos_blue_1,C:\n.gonorrhea_diagnostic_app\dataset\solo\test\pos\solo_test_pos_blue_1.jpg,solo,pos,G_norm,0.8536,0.8182,113.310699,114.750000,0.288019
solo_test_pos_blue_1,C:\n.gonorrhea_diagnostic_app\dataset\solo\test\pos\solo_test_pos_blue_1.jpg,solo,pos,G_ratio,0.8536,0.8182,246.892654,252.515915,0.288019
solo_test_pos_blue_1,C:\n.gonorrhea_diagnostic_app\dataset\solo\test\pos\solo_test_pos_blue_1.jpg,solo,pos,ExG,0.8536,0.8182,196.122665,247.153839,0.288019
solo_test_pos_blue_2,C:\n.gonorrhea_diagnostic_app\dataset\solo\test\pos\solo_test_pos_blue_2.jpg,solo,pos,G,0.8618,0.8183,244.668228,255.000000,0.286385
solo_test_pos_blue_2,C:\n.gonorrhea_diagnostic_app\dataset\solo\test\pos\solo_test_pos_blue_2.jpg,solo,pos,HSV_V,0.8618,0.8183,247.956665,255.000000,0.286385
solo_test_pos_blue_2,C:\n.gonorrhea_diagnostic_app\dataset\solo\test\pos\solo_test_pos_blue_2.jpg,solo,pos,GRAY,0.8618,0.8183,224.309006,233.000000,0.286385
solo_test_pos_blue_2,C:\n.gonorrhea_diagnostic_app\dataset\solo\test\pos\solo_test_pos_blue_2.jpg,solo,pos,HSV_S,0.8618,0.8183,195.127274,197.000000,0.286385
solo_test_pos_blue_2,C:\n.gonorrhea_diagnostic_app\dataset\solo\test\pos\solo_test_pos_blue_2.jpg,solo,pos,G_norm,0.8618,0.8183,113.256706,114.499107,0.286385
solo_test_pos_blue_2,C:\n.gonorrhea_diagnostic_app\dataset\solo\test\pos\solo_test_pos_blue_2.jpg,solo,pos,G_ratio,0.8618,0.8183,247.940720,252.806030,0.286385
solo_test_pos_blue_2,C:\n.gonorrhea_diagnostic_app\dataset\solo\test\pos\solo_test_pos_blue_2.jpg,solo,pos,ExG,0.8618,0.8183,203.710602,255.000000,0.286385
solo_test_pos_r_0_1,C:\n.gonorrhea_diagnostic_app\dataset\solo\test\pos\solo_test_pos_r_0_1.jpg,solo,pos,G,0.8618,0.8183,244.668228,255.000000,0.286385
solo_test_pos_r_0_1,C:\n.gonorrhea_diagnostic_app\dataset\solo\test\pos\solo_test_pos_r_0_1.jpg,solo,pos,HSV_V,0.8618,0.8183,247.956665,255.000000,0.286385
solo_test_pos_r_0_1,C:\n.gonorrhea_diagnostic_app\dataset\solo\test\pos\solo_test_pos_r_0_1.jpg,solo,pos,GRAY,0.8618,0.8183,224.309006,233.000000,0.286385
solo_test_pos_r_0_1,C:\n.gonorrhea_diagnostic_app\dataset\solo\test\pos\solo_test_pos_r_0_1.jpg,solo,pos,HSV_S,0.8618,0.8183,195.127274,197.000000,0.286385
solo_test_pos_r_0_1,C:\n.gonorrhea_diagnostic_app\dataset\solo\test\pos\solo_test_pos_r_0_1.jpg,solo,pos,G_norm,0.8618,0.8183,113.256706,114.499107,0.286385
solo_test_pos_r_0_1,C:\n.gonorrhea_diagnostic_app\dataset\solo\test\pos\solo_test_pos_r_0_1.jpg,solo,pos,G_ratio,0.8618,0.8183,247.940720,252.806030,0.286385
solo_test_pos_r_0_1,C:\n.gonorrhea_diagnostic_app\dataset\solo\test\pos\solo_test_pos_r_0_1.jpg,solo,pos,ExG,0.8618,0.8183,203.710602,255.000000,0.286385
solo_test_pos_tube_1_1,C:\n.gonorrhea_diagnostic_app\dataset\solo\test\pos\solo_test_pos_tube_1_1.jpg,solo,pos,G,0.8335,0.8062,226.461899,250.000000,0.019767
solo_test_pos_tube_1_1,C:\n.gonorrhea_diagnostic_app\dataset\solo\test\pos\solo_test_pos_tube_1_1.jpg,solo,pos,HSV_V,0.8335,0.8062,245.858047,255.000000,0.019767
solo_test_pos_tube_1_1,C:\n.gonorrhea_diagnostic_app\dataset\solo\test\pos\solo_test_pos_tube_1_1.jpg,solo,pos,GRAY,0.8335,0.8062,213.466248,230.000000,0.019767
solo_test_pos_tube_1_1,C:\n.gonorrhea_diagnostic_app\dataset\solo\test\pos\solo_test_pos_tube_1_1.jpg,solo,pos,HSV_S,0.8335,0.8062,191.951691,195.000000,0.019767
solo_test_pos_tube_1_1,C:\n.gonorrhea_diagnostic_app\dataset\solo\test\pos\solo_test_pos_tube_1_1.jpg,solo,pos,G_norm,0.8335,0.8062,107.843880,112.433861,0.019767
solo_test_pos_tube_1_1,C:\n.gonorrhea_diagnostic_app\dataset\solo\test\pos\solo_test_pos_tube_1_1.jpg,solo,pos,G_ratio,0.8335,0.8062,232.123062,249.400436,0.019767
solo_test_pos_tube_1_1,C:\n.gonorrhea_diagnostic_app\dataset\solo\test\pos\solo_test_pos_tube_1_1.jpg,solo,pos,ExG,0.8335,0.8062,191.826126,244.971909,0.019767
solo_test_pos_tube_1_2,C:\n.gonorrhea_diagnostic_app\dataset\solo\test\pos\solo_test_pos_tube_1_2.jpg,solo,pos,G,0.8340,0.7953,201.907791,229.000000,0.001077
solo_test_pos_tube_1_2,C:\n.gonorrhea_diagnostic_app\dataset\solo\test\pos\solo_test_pos_tube_1_2.jpg,solo,pos,HSV_V,0.8340,0.7953,225.935730,247.000000,0.001077
solo_test_pos_tube_1_2,C:\n.gonorrhea_diagnostic_app\dataset\solo\test\pos\solo_test_pos_tube_1_2.jpg,solo,pos,GRAY,0.8340,0.7953,190.540436,213.000000,0.001077
solo_test_pos_tube_1_2,C:\n.gonorrhea_diagnostic_app\dataset\solo\test\pos\solo_test_pos_tube_1_2.jpg,solo,pos,HSV_S,0.8340,0.7953,211.944489,218.000000,0.001077
solo_test_pos_tube_1_2,C:\n.gonorrhea_diagnostic_app\dataset\solo\test\pos\solo_test_pos_tube_1_2.jpg,solo,pos,G_norm,0.8340,0.7953,110.082626,112.303024,0.001077
solo_test_pos_tube_1_2,C:\n.gonorrhea_diagnostic_app\dataset\solo\test\pos\solo_test_pos_tube_1_2.jpg,solo,pos,G_ratio,0.8340,0.7953,232.008896,240.178055,0.001077
solo_test_pos_tube_1_2,C:\n.gonorrhea_diagnostic_app\dataset\solo\test\pos\solo_test_pos_tube_1_2.jpg,solo,pos,ExG,0.8340,0.7953,178.989136,220.582809,0.001077
solo_test_pos_tube_2_1,C:\n.gonorrhea_diagnostic_app\dataset\solo\test\pos\solo_test_pos_tube_2_1.jpg,solo,pos,G,0.8322,0.8158,225.545715,249.000000,0.019314
solo_test_pos_tube_2_1,C:\n.gonorrhea_diagnostic_app\dataset\solo\test\pos\solo_test_pos_tube_2_1.jpg,solo,pos,HSV_V,0.8322,0.8158,246.747406,255.000000,0.019314
solo_test_pos_tube_2_1,C:\n.gonorrhea_diagnostic_app\dataset\solo\test\pos\solo_test_pos_tube_2_1.jpg,solo,pos,GRAY,0.8322,0.8158,213.293549,230.000000,0.019314
solo_test_pos_tube_2_1,C:\n.gonorrhea_diagnostic_app\dataset\solo\test\pos\solo_test_pos_tube_2_1.jpg,solo,pos,HSV_S,0.8322,0.8158,191.208862,194.000000,0.019314
solo_test_pos_tube_2_1,C:\n.gonorrhea_diagnostic_app\dataset\solo\test\pos\solo_test_pos_tube_2_1.jpg,solo,pos,G_norm,0.8322,0.8158,107.276627,112.181984,0.019314
solo_test_pos_tube_2_1,C:\n.gonorrhea_diagnostic_app\dataset\solo\test\pos\solo_test_pos_tube_2_1.jpg,solo,pos,G_ratio,0.8322,0.8158,231.669571,250.173187,0.019314
solo_test_pos_tube_2_1,C:\n.gonorrhea_diagnostic_app\dataset\solo\test\pos\solo_test_pos_tube_2_1.jpg,solo,pos,ExG,0.8322,0.8158,185.716476,242.857147,0.019314
solo_test_pos_tube_2_2,C:\n.gonorrhea_diagnostic_app\dataset\solo\test\pos\solo_test_pos_tube_2_2.jpg,solo,pos,G,0.8528,0.8332,221.677002,245.000000,0.006505
solo_test_pos_tube_2_2,C:\n.gonorrhea_diagnostic_app\dataset\solo\test\pos\solo_test_pos_tube_2_2.jpg,solo,pos,HSV_V,0.8528,0.8332,247.111420,255.000000,0.006505
solo_test_pos_tube_2_2,C:\n.gonorrhea_diagnostic_app\dataset\solo\test\pos\solo_test_pos_tube_2_2.jpg,solo,pos,GRAY,0.8528,0.8332,208.876068,225.000000,0.006505
solo_test_pos_tube_2_2,C:\n.gonorrhea_diagnostic_app\dataset\solo\test\pos\solo_test_pos_tube_2_2.jpg,solo,pos,HSV_S,0.8528,0.8332,211.665390,214.000000,0.006505
solo_test_pos_tube_2_2,C:\n.gonorrhea_diagnostic_app\dataset\solo\test\pos\solo_test_pos_tube_2_2.jpg,solo,pos,G_norm,0.8528,0.8332,110.333267,115.222221,0.006505
solo_test_pos_tube_2_2,C:\n.gonorrhea_diagnostic_app\dataset\solo\test\pos\solo_test_pos_tube_2_2.jpg,solo,pos,G_ratio,0.8528,0.8332,226.086945,243.999710,0.006505
solo_test_pos_tube_2_2,C:\n.gonorrhea_diagnostic_app\dataset\solo\test\pos\solo_test_pos_tube_2_2.jpg,solo,pos,ExG,0.8528,0.8332,177.422043,235.148514,0.006505
solo_test_pos_tube_3_1,C:\n.gonorrhea_diagnostic_app\dataset\solo\test\pos\solo_test_pos_tube_3_1.jpg,solo,pos,G,0.8667,0.8239,226.107605,249.000000,0.007022
solo_test_pos_tube_3_1,C:\n.gonorrhea_diagnostic_app\dataset\solo\test\pos\solo_test_pos_tube_3_1.jpg,solo,pos,HSV_V,0.8667,0.8239,246.470886,255.000000,0.007022
solo_test_pos_tube_3_1,C:\n.gonorrhea_diagnostic_app\dataset\solo\test\pos\solo_test_pos_tube_3_1.jpg,solo,pos,GRAY,0.8667,0.8239,211.318802,227.000000,0.007022
solo_test_pos_tube_3_1,C:\n.gonorrhea_diagnostic_app\dataset\solo\test\pos\solo_test_pos_tube_3_1.jpg,solo,pos,HSV_S,0.8667,0.8239,211.200867,213.000000,0.007022
solo_test_pos_tube_3_1,C:\n.gonorrhea_diagnostic_app\dataset\solo\test\pos\solo_test_pos_tube_3_1.jpg,solo,pos,G_norm,0.8667,0.8239,111.664299,115.951942,0.007022
solo_test_pos_tube_3_1,C:\n.gonorrhea_diagnostic_app\dataset\solo\test\pos\solo_test_pos_tube_3_1.jpg,solo,pos,G_ratio,0.8667,0.8239,228.677811,244.456680,0.007022
solo_test_pos_tube_3_1,C:\n.gonorrhea_diagnostic_app\dataset\solo\test\pos\solo_test_pos_tube_3_1.jpg,solo,pos,ExG,0.8667,0.8239,186.131622,242.636368,0.007022
solo_test_pos_tube_3_2,C:\n.gonorrhea_diagnostic_app\dataset\solo\test\pos\solo_test_pos_tube_3_2.jpg,solo,pos,G,0.8604,0.8223,225.420013,248.000000,0.006486
solo_test_pos_tube_3_2,C:\n.gonorrhea_diagnostic_app\dataset\solo\test\pos\solo_test_pos_tube_3_2.jpg,solo,pos,HSV_V,0.8604,0.8223,246.008926,255.000000,0.006486
solo_test_pos_tube_3_2,C:\n.gonorrhea_diagnostic_app\dataset\solo\test\pos\solo_test_pos_tube_3_2.jpg,solo,pos,GRAY,0.8604,0.8223,210.765869,226.000000,0.006486
solo_test_pos_tube_3_2,C:\n.gonorrhea_diagnostic_app\dataset\solo\test\pos\solo_test_pos_tube_3_2.jpg,solo,pos,HSV_S,0.8604,0.8223,211.262650,213.000000,0.006486
solo_test_pos_tube_3_2,C:\n.gonorrhea_diagnostic_app\dataset\solo\test\pos\solo_test_pos_tube_3_2.jpg,solo,pos,G_norm,0.8604,0.8223,111.598083,115.781250,0.006486
solo_test_pos_tube_3_2,C:\n.gonorrhea_diagnostic_app\dataset\solo\test\pos\solo_test_pos_tube_3_2.jpg,solo,pos,G_ratio,0.8604,0.8223,230.884735,246.437622,0.006486
solo_test_pos_tube_3_2,C:\n.gonorrhea_diagnostic_app\dataset\solo\test\pos\solo_test_pos_tube_3_2.jpg,solo,pos,ExG,0.8604,0.8223,186.108963,238.303574,0.006486
solo_test_pos_tube_4_1,C:\n.gonorrhea_diagnostic_app\dataset\solo\test\pos\solo_test_pos_tube_4_1.jpg,solo,pos,G,0.8316,0.8287,221.445999,245.000000,0.014663
solo_test_pos_tube_4_1,C:\n.gonorrhea_diagnostic_app\dataset\solo\test\pos\solo_test_pos_tube_4_1.jpg,solo,pos,HSV_V,0.8316,0.8287,246.011520,255.000000,0.014663
solo_test_pos_tube_4_1,C:\n.gonorrhea_diagnostic_app\dataset\solo\test\pos\solo_test_pos_tube_4_1.jpg,solo,pos,GRAY,0.8316,0.8287,210.615921,227.000000,0.014663
solo_test_pos_tube_4_1,C:\n.gonorrhea_diagnostic_app\dataset\solo\test\pos\solo_test_pos_tube_4_1.jpg,solo,pos,HSV_S,0.8316,0.8287,190.956619,194.000000,0.014663
solo_test_pos_tube_4_1,C:\n.gonorrhea_diagnostic_app\dataset\solo\test\pos\solo_test_pos_tube_4_1.jpg,solo,pos,G_norm,0.8316,0.8287,106.235046,110.711739,0.014663
solo_test_pos_tube_4_1,C:\n.gonorrhea_diagnostic_app\dataset\solo\test\pos\solo_test_pos_tube_4_1.jpg,solo,pos,G_ratio,0.8316,0.8287,226.712784,243.232391,0.014663
solo_test_pos_tube_4_1,C:\n.gonorrhea_diagnostic_app\dataset\solo\test\pos\solo_test_pos_tube_4_1.jpg,solo,pos,ExG,0.8316,0.8287,176.201782,226.508377,0.014663
solo_test_pos_tube_4_2,C:\n.gonorrhea_diagnostic_app\dataset\solo\test\pos\solo_test_pos_tube_4_2.jpg,solo,pos,G,0.8368,0.8192,202.069473,230.000000,0.002270
solo_test_pos_tube_4_2,C:\n.gonorrhea_diagnostic_app\dataset\solo\test\pos\solo_test_pos_tube_4_2.jpg,solo,pos,HSV_V,0.8368,0.8192,228.755737,251.000000,0.002270
solo_test_pos_tube_4_2,C:\n.gonorrhea_diagnostic_app\dataset\solo\test\pos\solo_test_pos_tube_4_2.jpg,solo,pos,GRAY,0.8368,0.8192,191.587646,216.000000,0.002270
solo_test_pos_tube_4_2,C:\n.gonorrhea_diagnostic_app\dataset\solo\test\pos\solo_test_pos_tube_4_2.jpg,solo,pos,HSV_S,0.8368,0.8192,211.015396,216.000000,0.002270
solo_test_pos_tube_4_2,C:\n.gonorrhea_diagnostic_app\dataset\solo\test\pos\solo_test_pos_tube_4_2.jpg,solo,pos,G_norm,0.8368,0.8192,109.103249,111.245018,0.002270
solo_test_pos_tube_4_2,C:\n.gonorrhea_diagnostic_app\dataset\solo\test\pos\solo_test_pos_tube_4_2.jpg,solo,pos,G_ratio,0.8368,0.8192,227.069443,234.770370,0.002270
solo_test_pos_tube_4_2,C:\n.gonorrhea_diagnostic_app\dataset\solo\test\pos\solo_test_pos_tube_4_2.jpg,solo,pos,ExG,0.8368,0.8192,173.981842,209.828568,0.002270
solo_test_pos_tube_5_1,C:\n.gonorrhea_diagnostic_app\dataset\solo\test\pos\solo_test_pos_tube_5_1.jpg,solo,pos,G,0.8144,0.7943,214.822632,238.000000,0.003617
solo_test_pos_tube_5_1,C:\n.gonorrhea_diagnostic_app\dataset\solo\test\pos\solo_test_pos_tube_5_1.jpg,solo,pos,HSV_V,0.8144,0.7943,243.382355,255.000000,0.003617
solo_test_pos_tube_5_1,C:\n.gonorrhea_diagnostic_app\dataset\solo\test\pos\solo_test_pos_tube_5_1.jpg,solo,pos,GRAY,0.8144,0.7943,205.884949,223.000000,0.003617
solo_test_pos_tube_5_1,C:\n.gonorrhea_diagnostic_app\dataset\solo\test\pos\solo_test_pos_tube_5_1.jpg,solo,pos,HSV_S,0.8144,0.7943,190.502533,195.000000,0.003617
solo_test_pos_tube_5_1,C:\n.gonorrhea_diagnostic_app\dataset\solo\test\pos\solo_test_pos_tube_5_1.jpg,solo,pos,G_norm,0.8144,0.7943,105.156128,108.958702,0.003617
solo_test_pos_tube_5_1,C:\n.gonorrhea_diagnostic_app\dataset\solo\test\pos\solo_test_pos_tube_5_1.jpg,solo,pos,G_ratio,0.8144,0.7943,224.444809,238.439377,0.003617
solo_test_pos_tube_5_1,C:\n.gonorrhea_diagnostic_app\dataset\solo\test\pos\solo_test_pos_tube_5_1.jpg,solo,pos,ExG,0.8144,0.7943,148.557373,209.666672,0.003617
solo_test_pos_tube_5_2,C:\n.gonorrhea_diagnostic_app\dataset\solo\test\pos\solo_test_pos_tube_5_2.jpg,solo,pos,G,0.8388,0.8243,211.526291,234.000000,0.000000
solo_test_pos_tube_5_2,C:\n.gonorrhea_diagnostic_app\dataset\solo\test\pos\solo_test_pos_tube_5_2.jpg,solo,pos,HSV_V,0.8388,0.8243,243.411285,255.000000,0.000000
solo_test_pos_tube_5_2,C:\n.gonorrhea_diagnostic_app\dataset\solo\test\pos\solo_test_pos_tube_5_2.jpg,solo,pos,GRAY,0.8388,0.8243,201.724686,218.000000,0.000000
solo_test_pos_tube_5_2,C:\n.gonorrhea_diagnostic_app\dataset\solo\test\pos\solo_test_pos_tube_5_2.jpg,solo,pos,HSV_S,0.8388,0.8243,211.551605,214.000000,0.000000
solo_test_pos_tube_5_2,C:\n.gonorrhea_diagnostic_app\dataset\solo\test\pos\solo_test_pos_tube_5_2.jpg,solo,pos,G_norm,0.8388,0.8243,108.485962,112.219101,0.000000
solo_test_pos_tube_5_2,C:\n.gonorrhea_diagnostic_app\dataset\solo\test\pos\solo_test_pos_tube_5_2.jpg,solo,pos,G_ratio,0.8388,0.8243,232.043167,246.156311,0.000000
solo_test_pos_tube_5_2,C:\n.gonorrhea_diagnostic_app\dataset\solo\test\pos\solo_test_pos_tube_5_2.jpg,solo,pos,ExG,0.8388,0.8243,163.456909,240.833328,0.000000
solo_train_neg_1,C:\n.gonorrhea_diagnostic_app\dataset\solo\train\neg\solo_train_neg_1.jpg,solo,neg,G,0.8520,0.8103,173.608704,193.000000,0.000000
solo_train_neg_1,C:\n.gonorrhea_diagnostic_app\dataset\solo\train\neg\solo_train_neg_1.jpg,solo,neg,HSV_V,0.8520,0.8103,206.841553,222.000000,0.000000
solo_train_neg_1,C:\n.gonorrhea_diagnostic_app\dataset\solo\train\neg\solo_train_neg_1.jpg,solo,neg,GRAY,0.8520,0.8103,167.566757,184.000000,0.000000
solo_train_neg_1,C:\n.gonorrhea_diagnostic_app\dataset\solo\train\neg\solo_train_neg_1.jpg,solo,neg,HSV_S,0.8520,0.8103,213.540756,218.000000,0.000000
solo_train_neg_1,C:\n.gonorrhea_diagnostic_app\dataset\solo\train\neg\solo_train_neg_1.jpg,solo,neg,G_norm,0.8520,0.8103,106.752441,108.937950,0.000000
solo_train_neg_1,C:\n.gonorrhea_diagnostic_app\dataset\solo\train\neg\solo_train_neg_1.jpg,solo,neg,G_ratio,0.8520,0.8103,241.385208,249.873657,0.000000
solo_train_neg_1,C:\n.gonorrhea_diagnostic_app\dataset\solo\train\neg\solo_train_neg_1.jpg,solo,neg,ExG,0.8520,0.8103,170.567810,229.177216,0.000000
solo_train_neg_10,C:\n.gonorrhea_diagnostic_app\dataset\solo\train\neg\solo_train_neg_10.jpg,solo,neg,G,0.8566,0.8187,196.438522,221.000000,0.000000
solo_train_neg_10,C:\n.gonorrhea_diagnostic_app\dataset\solo\train\neg\solo_train_neg_10.jpg,solo,neg,HSV_V,0.8566,0.8187,246.348755,255.000000,0.000000
solo_train_neg_10,C:\n.gonorrhea_diagnostic_app\dataset\solo\train\neg\solo_train_neg_10.jpg,solo,neg,GRAY,0.8566,0.8187,196.302094,214.000000,0.000000
solo_train_neg_10,C:\n.gonorrhea_diagnostic_app\dataset\solo\train\neg\solo_train_neg_10.jpg,solo,neg,HSV_S,0.8566,0.8187,188.796722,192.000000,0.000000
solo_train_neg_10,C:\n.gonorrhea_diagnostic_app\dataset\solo\train\neg\solo_train_neg_10.jpg,solo,neg,G_norm,0.8566,0.8187,98.573746,103.314911,0.000000
solo_train_neg_10,C:\n.gonorrhea_diagnostic_app\dataset\solo\train\neg\solo_train_neg_10.jpg,solo,neg,G_ratio,0.8566,0.8187,217.726151,235.027679,0.000000
solo_train_neg_10,C:\n.gonorrhea_diagnostic_app\dataset\solo\train\neg\solo_train_neg_10.jpg,solo,neg,ExG,0.8566,0.8187,128.794769,197.226562,0.000000
solo_train_neg_11,C:\n.gonorrhea_diagnostic_app\dataset\solo\train\neg\solo_train_neg_11.jpg,solo,neg,G,0.8587,0.8147,196.083801,221.000000,0.000000
solo_train_neg_11,C:\n.gonorrhea_diagnostic_app\dataset\solo\train\neg\solo_train_neg_11.jpg,solo,neg,HSV_V,0.8587,0.8147,246.073547,254.000000,0.000000
solo_train_neg_11,C:\n.gonorrhea_diagnostic_app\dataset\solo\train\neg\solo_train_neg_11.jpg,solo,neg,GRAY,0.8587,0.8147,195.964767,214.000000,0.000000
solo_train_neg_11,C:\n.gonorrhea_diagnostic_app\dataset\solo\train\neg\solo_train_neg_11.jpg,solo,neg,HSV_S,0.8587,0.8147,189.031448,193.000000,0.000000
solo_train_neg_11,C:\n.gonorrhea_diagnostic_app\dataset\solo\train\neg\solo_train_neg_11.jpg,solo,neg,G_norm,0.8587,0.8147,98.550919,103.378380,0.000000
solo_train_neg_11,C:\n.gonorrhea_diagnostic_app\dataset\solo\train\neg\solo_train_neg_11.jpg,solo,neg,G_ratio,0.8587,0.8147,219.205246,236.953079,0.000000
solo_train_neg_11,C:\n.gonorrhea_diagnostic_app\dataset\solo\train\neg\solo_train_neg_11.jpg,solo,neg,ExG,0.8587,0.8147,131.357574,198.549622,0.000000
solo_train_neg_12,C:\n.gonorrhea_diagnostic_app\dataset\solo\train\neg\solo_train_neg_12.jpg,solo,neg,G,0.8426,0.8104,186.691467,206.000000,0.000000
solo_train_neg_12,C:\n.gonorrhea_diagnostic_app\dataset\solo\train\neg\solo_train_neg_12.jpg,solo,neg,HSV_V,0.8426,0.8104,238.548355,252.000000,0.000000
solo_train_neg_12,C:\n.gonorrhea_diagnostic_app\dataset\solo\train\neg\solo_train_neg_12.jpg,solo,neg,GRAY,0.8426,0.8104,187.774658,204.000000,0.000000
solo_train_neg_12,C:\n.gonorrhea_diagnostic_app\dataset\solo\train\neg\solo_train_neg_12.jpg,solo,neg,HSV_S,0.8426,0.8104,191.131592,195.000000,0.000000
solo_train_neg_12,C:\n.gonorrhea_diagnostic_app\dataset\solo\train\neg\solo_train_neg_12.jpg,solo,neg,G_norm,0.8426,0.8104,97.892807,100.485153,0.000000
solo_train_neg_12,C:\n.gonorrhea_diagnostic_app\dataset\solo\train\neg\solo_train_neg_12.jpg,solo,neg,G_ratio,0.8426,0.8104,223.328110,232.884415,0.000000
solo_train_neg_12,C:\n.gonorrhea_diagnostic_app\dataset\solo\train\neg\solo_train_neg_12.jpg,solo,neg,ExG,0.8426,0.8104,135.693817,175.458710,0.000000
solo_train_neg_13,C:\n.gonorrhea_diagnostic_app\dataset\solo\train\neg\solo_train_neg_13.jpg,solo,neg,G,0.8555,0.8115,192.220612,212.000000,0.000000
solo_train_neg_13,C:\n.gonorrhea_diagnostic_app\dataset\solo\train\neg\solo_train_neg_13.jpg,solo,neg,HSV_V,0.8555,0.8115,246.476364,254.000000,0.000000
solo_train_neg_13,C:\n.gonorrhea_diagnostic_app\dataset\solo\train\neg\solo_train_neg_13.jpg,solo,neg,GRAY,0.8555,0.8115,193.816422,208.000000,0.000000
solo_train_neg_13,C:\n.gonorrhea_diagnostic_app\dataset\solo\train\neg\solo_train_neg_13.jpg,solo,neg,HSV_S,0.8555,0.8115,189.130096,194.000000,0.000000
solo_train_neg_13,C:\n.gonorrhea_diagnostic_app\dataset\solo\train\neg\solo_train_neg_13.jpg,solo,neg,G_norm,0.8555,0.8115,97.439911,101.145256,0.000000
solo_train_neg_13,C:\n.gonorrhea_diagnostic_app\dataset\solo\train\neg\solo_train_neg_13.jpg,solo,neg,G_ratio,0.8555,0.8115,221.188950,234.980682,0.000000
solo_train_neg_13,C:\n.gonorrhea_diagnostic_app\dataset\solo\train\neg\solo_train_neg_13.jpg,solo,neg,ExG,0.8555,0.8115,115.995720,189.193558,0.000000
solo_train_neg_14,C:\n.gonorrhea_diagnostic_app\dataset\solo\train\neg\solo_train_neg_14.jpg,solo,neg,G,0.8629,0.8088,192.706451,213.000000,0.000000
solo_train_neg_14,C:\n.gonorrhea_diagnostic_app\dataset\solo\train\neg\solo_train_neg_14.jpg,solo,neg,HSV_V,0.8629,0.8088,246.524765,254.000000,0.000000
solo_train_neg_14,C:\n.gonorrhea_diagnostic_app\dataset\solo\train\neg\solo_train_neg_14.jpg,solo,neg,GRAY,0.8629,0.8088,194.136505,209.000000,0.000000
solo_train_neg_14,C:\n.gonorrhea_diagnostic_app\dataset\solo\train\neg\solo_train_neg_14.jpg,solo,neg,HSV_S,0.8629,0.8088,188.973969,193.000000,0.000000
solo_train_neg_14,C:\n.gonorrhea_diagnostic_app\dataset\solo\train\neg\solo_train_neg_14.jpg,solo,neg,G_norm,0.8629,0.8088,97.549606,101.420456,0.000000
solo_train_neg_14,C:\n.gonorrhea_diagnostic_app\dataset\solo\train\neg\solo_train_neg_14.jpg,solo,neg,G_ratio,0.8629,0.8088,219.705200,234.004822,0.000000
solo_train_neg_14,C:\n.gonorrhea_diagnostic_app\dataset\solo\train\neg\solo_train_neg_14.jpg,solo,neg,ExG,0.8629,0.8088,113.241776,180.424530,0.000000
solo_train_neg_15,C:\n.gonorrhea_diagnostic_app\dataset\solo\train\neg\solo_train_neg_15.jpg,solo,neg,G,0.8602,0.8398,185.733490,204.000000,0.000000
solo_train_neg_15,C:\n.gonorrhea_diagnostic_app\dataset\solo\train\neg\solo_train_neg_15.jpg,solo,neg,HSV_V,0.8602,0.8398,244.514374,254.000000,0.000000
solo_train_neg_15,C:\n.gonorrhea_diagnostic_app\dataset\solo\train\neg\solo_train_neg_15.jpg,solo,neg,GRAY,0.8602,0.8398,186.496368,201.000000,0.000000
solo_train_neg_15,C:\n.gonorrhea_diagnostic_app\dataset\solo\train\neg\solo_train_neg_15.jpg,solo,neg,HSV_S,0.8602,0.8398,215.533386,219.000000,0.000000
solo_train_neg_15,C:\n.gonorrhea_diagnostic_app\dataset\solo\train\neg\solo_train_neg_15.jpg,solo,neg,G_norm,0.8602,0.8398,100.950356,104.341316,0.000000
solo_train_neg_15,C:\n.gonorrhea_diagnostic_app\dataset\solo\train\neg\solo_train_neg_15.jpg,solo,neg,G_ratio,0.8602,0.8398,230.088806,242.934814,0.000000
solo_train_neg_15,C:\n.gonorrhea_diagnostic_app\dataset\solo\train\neg\solo_train_neg_15.jpg,solo,neg,ExG,0.8602,0.8398,167.047577,229.752487,0.000000
solo_train_neg_16,C:\n.gonorrhea_diagnostic_app\dataset\solo\train\neg\solo_train_neg_16.jpg,solo,neg,G,0.8402,0.8233,192.260315,213.000000,0.000000
solo_train_neg_16,C:\n.gonorrhea_diagnostic_app\dataset\solo\train\neg\solo_train_neg_16.jpg,solo,neg,HSV_V,0.8402,0.8233,244.501083,254.000000,0.000000
solo_train_neg_16,C:\n.gonorrhea_diagnostic_app\dataset\solo\train\neg\solo_train_neg_16.jpg,solo,neg,GRAY,0.8402,0.8233,193.202454,209.000000,0.000000
solo_train_neg_16,C:\n.gonorrhea_diagnostic_app\dataset\solo\train\neg\solo_train_neg_16.jpg,solo,neg,HSV_S,0.8402,0.8233,189.320160,193.000000,0.000000
solo_train_neg_16,C:\n.gonorrhea_diagnostic_app\dataset\solo\train\neg\solo_train_neg_16.jpg,solo,neg,G_norm,0.8402,0.8233,97.940094,100.957245,0.000000
solo_train_neg_16,C:\n.gonorrhea_diagnostic_app\dataset\solo\train\neg\solo_train_neg_16.jpg,solo,neg,G_ratio,0.8402,0.8233,225.541748,236.878448,0.000000
solo_train_neg_16,C:\n.gonorrhea_diagnostic_app\dataset\solo\train\neg\solo_train_neg_16.jpg,solo,neg,ExG,0.8402,0.8233,131.551331,193.181824,0.000000
solo_train_neg_17,C:\n.gonorrhea_diagnostic_app\dataset\solo\train\neg\solo_train_neg_17.jpg,solo,neg,G,0.8336,0.8134,190.046631,211.000000,0.000000
solo_train_neg_17,C:\n.gonorrhea_diagnostic_app\dataset\solo\train\neg\solo_train_neg_17.jpg,solo,neg,HSV_V,0.8336,0.8134,241.082977,253.000000,0.000000
solo_train_neg_17,C:\n.gonorrhea_diagnostic_app\dataset\solo\train\neg\solo_train_neg_17.jpg,solo,neg,GRAY,0.8336,0.8134,190.664688,208.000000,0.000000
solo_train_neg_17,C:\n.gonorrhea_diagnostic_app\dataset\solo\train\neg\solo_train_neg_17.jpg,solo,neg,HSV_S,0.8336,0.8134,190.179459,194.000000,0.000000
solo_train_neg_17,C:\n.gonorrhea_diagnostic_app\dataset\solo\train\neg\solo_train_neg_17.jpg,solo,neg,G_norm,0.8336,0.8134,98.119308,101.104311,0.000000
solo_train_neg_17,C:\n.gonorrhea_diagnostic_app\dataset\solo\train\neg\solo_train_neg_17.jpg,solo,neg,G_ratio,0.8336,0.8134,228.151062,239.429041,0.000000
solo_train_neg_17,C:\n.gonorrhea_diagnostic_app\dataset\solo\train\neg\solo_train_neg_17.jpg,solo,neg,ExG,0.8336,0.8134,151.205521,203.552628,0.000000
solo_train_neg_18,C:\n.gonorrhea_diagnostic_app\dataset\solo\train\neg\solo_train_neg_18.jpg,solo,neg,G,0.8673,0.8316,184.247803,202.000000,0.000000
solo_train_neg_18,C:\n.gonorrhea_diagnostic_app\dataset\solo\train\neg\solo_train_neg_18.jpg,solo,neg,HSV_V,0.8673,0.8316,240.958542,253.000000,0.000000
solo_train_neg_18,C:\n.gonorrhea_diagnostic_app\dataset\solo\train\neg\solo_train_neg_18.jpg,solo,neg,GRAY,0.8673,0.8316,184.514130,199.000000,0.000000
solo_train_neg_18,C:\n.gonorrhea_diagnostic_app\dataset\solo\train\neg\solo_train_neg_18.jpg,solo,neg,HSV_S,0.8673,0.8316,215.430695,219.000000,0.000000
solo_train_neg_18,C:\n.gonorrhea_diagnostic_app\dataset\solo\train\neg\solo_train_neg_18.jpg,solo,neg,G_norm,0.8673,0.8316,101.317886,104.103088,0.000000
solo_train_neg_18,C:\n.gonorrhea_diagnostic_app\dataset\solo\train\neg\solo_train_neg_18.jpg,solo,neg,G_ratio,0.8673,0.8316,234.954086,245.628479,0.000000
solo_train_neg_18,C:\n.gonorrhea_diagnostic_app\dataset\solo\train\neg\solo_train_neg_18.jpg,solo,neg,ExG,0.8673,0.8316,175.608093,225.857147,0.000000
solo_train_neg_19,C:\n.gonorrhea_diagnostic_app\dataset\solo\train\neg\solo_train_neg_19.jpg,solo,neg,G,0.8359,0.8222,190.083344,209.000000,0.000000
solo_train_neg_19,C:\n.gonorrhea_diagnostic_app\dataset\solo\train\neg\solo_train_neg_19.jpg,solo,neg,HSV_V,0.8359,0.8222,241.487305,253.000000,0.000000
solo_train_neg_19,C:\n.gonorrhea_diagnostic_app\dataset\solo\train\neg\solo_train_neg_19.jpg,solo,neg,GRAY,0.8359,0.8222,190.836960,206.000000,0.000000
solo_train_neg_19,C:\n.gonorrhea_diagnostic_app\dataset\solo\train\neg\solo_train_neg_19.jpg,solo,neg,HSV_S,0.8359,0.8222,189.939407,194.000000,0.000000
solo_train_neg_19,C:\n.gonorrhea_diagnostic_app\dataset\solo\train\neg\solo_train_neg_19.jpg,solo,neg,G_norm,0.8359,0.8222,98.181694,100.454552,0.000000
solo_train_neg_19,C:\n.gonorrhea_diagnostic_app\dataset\solo\train\neg\solo_train_neg_19.jpg,solo,neg,G_ratio,0.8359,0.8222,225.404999,233.915237,0.000000
solo_train_neg_19,C:\n.gonorrhea_diagnostic_app\dataset\solo\train\neg\solo_train_neg_19.jpg,solo,neg,ExG,0.8359,0.8222,111.033432,168.000000,0.000000
solo_train_neg_2,C:\n.gonorrhea_diagnostic_app\dataset\solo\train\neg\solo_train_neg_2.jpg,solo,neg,G,0.8525,0.8132,174.521652,195.000000,0.000000
solo_train_neg_2,C:\n.gonorrhea_diagnostic_app\dataset\solo\train\neg\solo_train_neg_2.jpg,solo,neg,HSV_V,0.8525,0.8132,207.787796,224.000000,0.000000
solo_train_neg_2,C:\n.gonorrhea_diagnostic_app\dataset\solo\train\neg\solo_train_neg_2.jpg,solo,neg,GRAY,0.8525,0.8132,168.460800,186.000000,0.000000
solo_train_neg_2,C:\n.gonorrhea_diagnostic_app\dataset\solo\train\neg\solo_train_neg_2.jpg,solo,neg,HSV_S,0.8525,0.8132,213.186813,217.000000,0.000000
solo_train_neg_2,C:\n.gonorrhea_diagnostic_app\dataset\solo\train\neg\solo_train_neg_2.jpg,solo,neg,G_norm,0.8525,0.8132,106.660133,108.954552,0.000000
solo_train_neg_2,C:\n.gonorrhea_diagnostic_app\dataset\solo\train\neg\solo_train_neg_2.jpg,solo,neg,G_ratio,0.8525,0.8132,239.125381,247.911331,0.000000
solo_train_neg_2,C:\n.gonorrhea_diagnostic_app\dataset\solo\train\neg\solo_train_neg_2.jpg,solo,neg,ExG,0.8525,0.8132,182.188705,238.000000,0.000000
solo_train_neg_20,C:\n.gonorrhea_diagnostic_app\dataset\solo\train\neg\solo_train_neg_20.jpg,solo,neg,G,0.8348,0.8177,190.051743,208.000000,0.000000
solo_train_neg_20,C:\n.gonorrhea_diagnostic_app\dataset\solo\train\neg\solo_train_neg_20.jpg,solo,neg,HSV_V,0.8348,0.8177,241.703293,253.000000,0.000000
solo_train_neg_20,C:\n.gonorrhea_diagnostic_app\dataset\solo\train\neg\solo_train_neg_20.jpg,solo,neg,GRAY,0.8348,0.8177,190.858994,206.000000,0.000000
solo_train_neg_20,C:\n.gonorrhea_diagnostic_app\dataset\solo\train\neg\solo_train_neg_20.jpg,solo,neg,HSV_S,0.8348,0.8177,190.084778,194.000000,0.000000
solo_train_neg_20,C:\n.gonorrhea_diagnostic_app\dataset\solo\train\neg\solo_train_neg_20.jpg,solo,neg,G_norm,0.8348,0.8177,98.146591,100.319771,0.000000
solo_train_neg_20,C:\n.gonorrhea_diagnostic_app\dataset\solo\train\neg\solo_train_neg_20.jpg,solo,neg,G_ratio,0.8348,0.8177,229.148621,237.416702,0.000000
solo_train_neg_20,C:\n.gonorrhea_diagnostic_app\dataset\solo\train\neg\solo_train_neg_20.jpg,solo,neg,ExG,0.8348,0.8177,117.800125,176.071426,0.000000
solo_train_neg_21,C:\n.gonorrhea_diagnostic_app\dataset\solo\train\neg\solo_train_neg_21.jpg,solo,neg,G,0.8553,0.8056,187.949600,211.000000,0.000000
solo_train_neg_21,C:\n.gonorrhea_diagnostic_app\dataset\solo\train\neg\solo_train_neg_21.jpg,solo,neg,HSV_V,0.8553,0.8056,241.289078,254.000000,0.000000
solo_train_neg_21,C:\n.gonorrhea_diagnostic_app\dataset\solo\train\neg\solo_train_neg_21.jpg,solo,neg,GRAY,0.8553,0.8056,189.542984,208.000000,0.000000
solo_train_neg_21,C:\n.gonorrhea_diagnostic_app\dataset\solo\train\neg\solo_train_neg_21.jpg,solo,neg,HSV_S,0.8553,0.8056,190.273636,195.000000,0.000000
solo_train_neg_21,C:\n.gonorrhea_diagnostic_app\dataset\solo\train\neg\solo_train_neg_21.jpg,solo,neg,G_norm,0.8553,0.8056,97.387352,100.483276,0.000000
solo_train_neg_21,C:\n.gonorrhea_diagnostic_app\dataset\solo\train\neg\solo_train_neg_21.jpg,solo,neg,G_ratio,0.8553,0.8056,228.598541,240.334412,0.000000
solo_train_neg_21,C:\n.gonorrhea_diagnostic_app\dataset\solo\train\neg\solo_train_neg_21.jpg,solo,neg,ExG,0.8553,0.8056,164.800339,219.171982,0.000000
solo_train_neg_22,C:\n.gonorrhea_diagnostic_app\dataset\solo\train\neg\solo_train_neg_22.jpg,solo,neg,G,0.8430,0.8180,187.063248,210.000000,0.000000
solo_train_neg_22,C:\n.gonorrhea_diagnostic_app\dataset\solo\train\neg\solo_train_neg_22.jpg,solo,neg,HSV_V,0.8430,0.8180,240.505905,254.000000,0.000000
solo_train_neg_22,C:\n.gonorrhea_diagnostic_app\dataset\solo\train\neg\solo_train_neg_22.jpg,solo,neg,GRAY,0.8430,0.8180,188.790146,207.000000,0.000000
solo_train_neg_22,C:\n.gonorrhea_diagnostic_app\dataset\solo\train\neg\solo_train_neg_22.jpg,solo,neg,HSV_S,0.8430,0.8180,190.146561,196.000000,0.000000
solo_train_neg_22,C:\n.gonorrhea_diagnostic_app\dataset\solo\train\neg\solo_train_neg_22.jpg,solo,neg,G_norm,0.8430,0.8180,97.325401,100.111107,0.000000
solo_train_neg_22,C:\n.gonorrhea_diagnostic_app\dataset\solo\train\neg\solo_train_neg_22.jpg,solo,neg,G_ratio,0.8430,0.8180,230.628464,241.285904,0.000000
solo_train_neg_22,C:\n.gonorrhea_diagnostic_app\dataset\solo\train\neg\solo_train_neg_22.jpg,solo,neg,ExG,0.8430,0.8180,164.053680,224.399994,0.000000
solo_train_neg_23,C:\n.gonorrhea_diagnostic_app\dataset\solo\train\neg\solo_train_neg_23.jpg,solo,neg,G,0.8361,0.8271,181.026398,198.000000,0.000000
solo_train_neg_23,C:\n.gonorrhea_diagnostic_app\dataset\solo\train\neg\solo_train_neg_23.jpg,solo,neg,HSV_V,0.8361,0.8271,230.834335,244.000000,0.000000
solo_train_neg_23,C:\n.gonorrhea_diagnostic_app\dataset\solo\train\neg\solo_train_neg_23.jpg,solo,neg,GRAY,0.8361,0.8271,181.836578,196.000000,0.000000
solo_train_neg_23,C:\n.gonorrhea_diagnostic_app\dataset\solo\train\neg\solo_train_neg_23.jpg,solo,neg,HSV_S,0.8361,0.8271,191.924072,196.000000,0.000000
solo_train_neg_23,C:\n.gonorrhea_diagnostic_app\dataset\solo\train\neg\solo_train_neg_23.jpg,solo,neg,G_norm,0.8361,0.8271,98.340500,100.438782,0.000000
solo_train_neg_23,C:\n.gonorrhea_diagnostic_app\dataset\solo\train\neg\solo_train_neg_23.jpg,solo,neg,G_ratio,0.8361,0.8271,232.042511,240.147415,0.000000
solo_train_neg_23,C:\n.gonorrhea_diagnostic_app\dataset\solo\train\neg\solo_train_neg_23.jpg,solo,neg,ExG,0.8361,0.8271,114.037964,172.297302,0.000000
solo_train_neg_24,C:\n.gonorrhea_diagnostic_app\dataset\solo\train\neg\solo_train_neg_24.jpg,solo,neg,G,0.8308,0.8268,180.936142,198.000000,0.000000
solo_train_neg_24,C:\n.gonorrhea_diagnostic_app\dataset\solo\train\neg\solo_train_neg_24.jpg,solo,neg,HSV_V,0.8308,0.8268,230.944214,244.000000,0.000000
solo_train_neg_24,C:\n.gonorrhea_diagnostic_app\dataset\solo\train\neg\solo_train_neg_24.jpg,solo,neg,GRAY,0.8308,0.8268,181.821762,196.000000,0.000000
solo_train_neg_24,C:\n.gonorrhea_diagnostic_app\dataset\solo\train\neg\solo_train_neg_24.jpg,solo,neg,HSV_S,0.8308,0.8268,191.932465,197.000000,0.000000
solo_train_neg_24,C:\n.gonorrhea_diagnostic_app\dataset\solo\train\neg\solo_train_neg_24.jpg,solo,neg,G_norm,0.8308,0.8268,98.276154,100.344826,0.000000
solo_train_neg_24,C:\n.gonorrhea_diagnostic_app\dataset\solo\train\neg\solo_train_neg_24.jpg,solo,neg,G_ratio,0.8308,0.8268,230.713943,238.659790,0.000000
solo_train_neg_24,C:\n.gonorrhea_diagnostic_app\dataset\solo\train\neg\solo_train_neg_24.jpg,solo,neg,ExG,0.8308,0.8268,121.052452,171.472900,0.000000
solo_train_neg_25,C:\n.gonorrhea_diagnostic_app\dataset\solo\train\neg\solo_train_neg_25.jpg,solo,neg,G,0.8392,0.8057,155.982025,170.000000,0.000000
solo_train_neg_25,C:\n.gonorrhea_diagnostic_app\dataset\solo\train\neg\solo_train_neg_25.jpg,solo,neg,HSV_V,0.8392,0.8057,204.059036,217.000000,0.000000
solo_train_neg_25,C:\n.gonorrhea_diagnostic_app\dataset\solo\train\neg\solo_train_neg_25.jpg,solo,neg,GRAY,0.8392,0.8057,156.417450,169.000000,0.000000
solo_train_neg_25,C:\n.gonorrhea_diagnostic_app\dataset\solo\train\neg\solo_train_neg_25.jpg,solo,neg,HSV_S,0.8392,0.8057,212.891403,217.000000,0.000000
solo_train_neg_25,C:\n.gonorrhea_diagnostic_app\dataset\solo\train\neg\solo_train_neg_25.jpg,solo,neg,G_norm,0.8392,0.8057,100.899498,102.862320,0.000000
solo_train_neg_25,C:\n.gonorrhea_diagnostic_app\dataset\solo\train\neg\solo_train_neg_25.jpg,solo,neg,G_ratio,0.8392,0.8057,243.972534,251.821121,0.000000
solo_train_neg_25,C:\n.gonorrhea_diagnostic_app\dataset\solo\train\neg\solo_train_neg_25.jpg,solo,neg,ExG,0.8392,0.8057,154.472031,206.428574,0.000000
solo_train_neg_26,C:\n.gonorrhea_diagnostic_app\dataset\solo\train\neg\solo_train_neg_26.jpg,solo,neg,G,0.8453,0.8016,155.995926,169.000000,0.000000
solo_train_neg_26,C:\n.gonorrhea_diagnostic_app\dataset\solo\train\neg\solo_train_neg_26.jpg,solo,neg,HSV_V,0.8453,0.8016,203.885162,214.000000,0.000000
solo_train_neg_26,C:\n.gonorrhea_diagnostic_app\dataset\solo\train\neg\solo_train_neg_26.jpg,solo,neg,GRAY,0.8453,0.8016,156.369553,167.000000,0.000000
solo_train_neg_26,C:\n.gonorrhea_diagnostic_app\dataset\solo\train\neg\solo_train_neg_26.jpg,solo,neg,HSV_S,0.8453,0.8016,212.861618,217.000000,0.000000
solo_train_neg_26,C:\n.gonorrhea_diagnostic_app\dataset\solo\train\neg\solo_train_neg_26.jpg,solo,neg,G_norm,0.8453,0.8016,100.951683,102.992699,0.000000
solo_train_neg_26,C:\n.gonorrhea_diagnostic_app\dataset\solo\train\neg\solo_train_neg_26.jpg,solo,neg,G_ratio,0.8453,0.8016,242.487442,250.609650,0.000000
solo_train_neg_26,C:\n.gonorrhea_diagnostic_app\dataset\solo\train\neg\solo_train_neg_26.jpg,solo,neg,ExG,0.8453,0.8016,138.902756,188.307693,0.000000
solo_train_neg_27,C:\n.gonorrhea_diagnostic_app\dataset\solo\train\neg\solo_train_neg_27.jpg,solo,neg,G,0.8620,0.8001,160.383667,179.000000,0.000000
solo_train_neg_27,C:\n.gonorrhea_diagnostic_app\dataset\solo\train\neg\solo_train_neg_27.jpg,solo,neg,HSV_V,0.8620,0.8001,203.769669,220.000000,0.000000
solo_train_neg_27,C:\n.gonorrhea_diagnostic_app\dataset\solo\train\neg\solo_train_neg_27.jpg,solo,neg,GRAY,0.8620,0.8001,158.876831,175.000000,0.000000
solo_train_neg_27,C:\n.gonorrhea_diagnostic_app\dataset\solo\train\neg\solo_train_neg_27.jpg,solo,neg,HSV_S,0.8620,0.8001,213.401291,218.000000,0.000000
solo_train_neg_27,C:\n.gonorrhea_diagnostic_app\dataset\solo\train\neg\solo_train_neg_27.jpg,solo,neg,G_norm,0.8620,0.8001,102.748367,104.928230,0.000000
solo_train_neg_27,C:\n.gonorrhea_diagnostic_app\dataset\solo\train\neg\solo_train_neg_27.jpg,solo,neg,G_ratio,0.8620,0.8001,243.468231,252.107758,0.000000
solo_train_neg_27,C:\n.gonorrhea_diagnostic_app\dataset\solo\train\neg\solo_train_neg_27.jpg,solo,neg,ExG,0.8620,0.8001,184.191284,250.887100,0.000000
solo_train_neg_28,C:\n.gonorrhea_diagnostic_app\dataset\solo\train\neg\solo_train_neg_28.jpg,solo,neg,G,0.8609,0.7940,159.508133,178.000000,0.000000
solo_train_neg_28,C:\n.gonorrhea_diagnostic_app\dataset\solo\train\neg\solo_train_neg_28.jpg,solo,neg,HSV_V,0.8609,0.7940,202.840820,219.000000,0.000000
solo_train_neg_28,C:\n.gonorrhea_diagnostic_app\dataset\solo\train\neg\solo_train_neg_28.jpg,solo,neg,GRAY,0.8609,0.7940,158.095047,174.000000,0.000000
solo_train_neg_28,C:\n.gonorrhea_diagnostic_app\dataset\solo\train\neg\solo_train_neg_28.jpg,solo,neg,HSV_S,0.8609,0.7940,213.444061,218.000000,0.000000
solo_train_neg_28,C:\n.gonorrhea_diagnostic_app\dataset\solo\train\neg\solo_train_neg_28.jpg,solo,neg,G_norm,0.8609,0.7940,102.640877,105.000000,0.000000
solo_train_neg_28,C:\n.gonorrhea_diagnostic_app\dataset\solo\train\neg\solo_train_neg_28.jpg,solo,neg,G_ratio,0.8609,0.7940,242.699982,251.999634,0.000000
solo_train_neg_28,C:\n.gonorrhea_diagnostic_app\dataset\solo\train\neg\solo_train_neg_28.jpg,solo,neg,ExG,0.8609,0.7940,193.348190,251.554062,0.000000
solo_train_neg_29,C:\n.gonorrhea_diagnostic_app\dataset\solo\train\neg\solo_train_neg_29.jpg,solo,neg,G,0.8218,0.7998,188.594376,208.000000,0.000000
solo_train_neg_29,C:\n.gonorrhea_diagnostic_app\dataset\solo\train\neg\solo_train_neg_29.jpg,solo,neg,HSV_V,0.8218,0.7998,240.857758,252.000000,0.000000
solo_train_neg_29,C:\n.gonorrhea_diagnostic_app\dataset\solo\train\neg\solo_train_neg_29.jpg,solo,neg,GRAY,0.8218,0.7998,189.723495,205.000000,0.000000
solo_train_neg_29,C:\n.gonorrhea_diagnostic_app\dataset\solo\train\neg\solo_train_neg_29.jpg,solo,neg,HSV_S,0.8218,0.7998,190.487701,195.000000,0.000000
solo_train_neg_29,C:\n.gonorrhea_diagnostic_app\dataset\solo\train\neg\solo_train_neg_29.jpg,solo,neg,G_norm,0.8218,0.7998,97.917213,100.542854,0.000000
solo_train_neg_29,C:\n.gonorrhea_diagnostic_app\dataset\solo\train\neg\solo_train_neg_29.jpg,solo,neg,G_ratio,0.8218,0.7998,225.943771,235.807922,0.000000
solo_train_neg_29,C:\n.gonorrhea_diagnostic_app\dataset\solo\train\neg\solo_train_neg_29.jpg,solo,neg,ExG,0.8218,0.7998,125.828819,181.755310,0.000000
solo_train_neg_3,C:\n.gonorrhea_diagnostic_app\dataset\solo\train\neg\solo_train_neg_3.jpg,solo,neg,G,0.8467,0.8101,188.920181,212.000000,0.000000
solo_train_neg_3,C:\n.gonorrhea_diagnostic_app\dataset\solo\train\neg\solo_train_neg_3.jpg,solo,neg,HSV_V,0.8467,0.8101,236.361069,251.000000,0.000000
solo_train_neg_3,C:\n.gonorrhea_diagnostic_app\dataset\solo\train\neg\solo_train_neg_3.jpg,solo,neg,GRAY,0.8467,0.8101,188.411011,207.000000,0.000000
solo_train_neg_3,C:\n.gonorrhea_diagnostic_app\dataset\solo\train\neg\solo_train_neg_3.jpg,solo,neg,HSV_S,0.8467,0.8101,190.746872,195.000000,0.000000
solo_train_neg_3,C:\n.gonorrhea_diagnostic_app\dataset\solo\train\neg\solo_train_neg_3.jpg,solo,neg,G_norm,0.8467,0.8101,99.071564,101.597633,0.000000
solo_train_neg_3,C:\n.gonorrhea_diagnostic_app\dataset\solo\train\neg\solo_train_neg_3.jpg,solo,neg,G_ratio,0.8467,0.8101,228.437180,237.907578,0.000000
solo_train_neg_3,C:\n.gonorrhea_diagnostic_app\dataset\solo\train\neg\solo_train_neg_3.jpg,solo,neg,ExG,0.8467,0.8101,153.012238,194.491531,0.000000
solo_train_neg_30,C:\n.gonorrhea_diagnostic_app\dataset\solo\train\neg\solo_train_neg_30.jpg,solo,neg,G,0.8232,0.7988,188.632019,208.000000,0.000000
solo_train_neg_30,C:\n.gonorrhea_diagnostic_app\dataset\solo\train\neg\solo_train_neg_30.jpg,solo,neg,HSV_V,0.8232,0.7988,240.793640,253.000000,0.000000
solo_train_neg_30,C:\n.gonorrhea_diagnostic_app\dataset\solo\train\neg\solo_train_neg_30.jpg,solo,neg,GRAY,0.8232,0.7988,189.742371,206.000000,0.000000
solo_train_neg_30,C:\n.gonorrhea_diagnostic_app\dataset\solo\train\neg\solo_train_neg_30.jpg,solo,neg,HSV_S,0.8232,0.7988,190.508652,195.000000,0.000000
solo_train_neg_30,C:\n.gonorrhea_diagnostic_app\dataset\solo\train\neg\solo_train_neg_30.jpg,solo,neg,G_norm,0.8232,0.7988,97.945740,100.485153,0.000000
solo_train_neg_30,C:\n.gonorrhea_diagnostic_app\dataset\solo\train\neg\solo_train_neg_30.jpg,solo,neg,G_ratio,0.8232,0.7988,227.215256,236.800964,0.000000
solo_train_neg_30,C:\n.gonorrhea_diagnostic_app\dataset\solo\train\neg\solo_train_neg_30.jpg,solo,neg,ExG,0.8232,0.7988,133.046875,187.894730,0.000000
solo_train_neg_31,C:\n.gonorrhea_diagnostic_app\dataset\solo\train\neg\solo_train_neg_31.jpg,solo,neg,G,0.8584,0.8130,191.979584,212.000000,0.000000
solo_train_neg_31,C:\n.gonorrhea_diagnostic_app\dataset\solo\train\neg\solo_train_neg_31.jpg,solo,neg,HSV_V,0.8584,0.8130,241.813080,252.000000,0.000000
solo_train_neg_31,C:\n.gonorrhea_diagnostic_app\dataset\solo\train\neg\solo_train_neg_31.jpg,solo,neg,GRAY,0.8584,0.8130,192.004166,208.000000,0.000000
solo_train_neg_31,C:\n.gonorrhea_diagnostic_app\dataset\solo\train\neg\solo_train_neg_31.jpg,solo,neg,HSV_S,0.8584,0.8130,190.243286,194.000000,0.000000
solo_train_neg_31,C:\n.gonorrhea_diagnostic_app\dataset\solo\train\neg\solo_train_neg_31.jpg,solo,neg,G_norm,0.8584,0.8130,98.757065,101.516812,0.000000
solo_train_neg_31,C:\n.gonorrhea_diagnostic_app\dataset\solo\train\neg\solo_train_neg_31.jpg,solo,neg,G_ratio,0.8584,0.8130,227.163086,237.593115,0.000000
solo_train_neg_31,C:\n.gonorrhea_diagnostic_app\dataset\solo\train\neg\solo_train_neg_31.jpg,solo,neg,ExG,0.8584,0.8130,115.635712,177.391312,0.000000
solo_train_neg_32,C:\n.gonorrhea_diagnostic_app\dataset\solo\train\neg\solo_train_neg_32.jpg,solo,neg,G,0.8567,0.8172,192.297043,210.000000,0.000000
solo_train_neg_32,C:\n.gonorrhea_diagnostic_app\dataset\solo\train\neg\solo_train_neg_32.jpg,solo,neg,HSV_V,0.8567,0.8172,242.125687,252.000000,0.000000
solo_train_neg_32,C:\n.gonorrhea_diagnostic_app\dataset\solo\train\neg\solo_train_neg_32.jpg,solo,neg,GRAY,0.8567,0.8172,192.297913,206.000000,0.000000
solo_train_neg_32,C:\n.gonorrhea_diagnostic_app\dataset\solo\train\neg\solo_train_neg_32.jpg,solo,neg,HSV_S,0.8567,0.8172,190.118423,194.000000,0.000000
solo_train_neg_32,C:\n.gonorrhea_diagnostic_app\dataset\solo\train\neg\solo_train_neg_32.jpg,solo,neg,G_norm,0.8567,0.8172,98.762360,101.206223,0.000000
solo_train_neg_32,C:\n.gonorrhea_diagnostic_app\dataset\solo\train\neg\solo_train_neg_32.jpg,solo,neg,G_ratio,0.8567,0.8172,225.915939,235.073364,0.000000
solo_train_neg_32,C:\n.gonorrhea_diagnostic_app\dataset\solo\train\neg\solo_train_neg_32.jpg,solo,neg,ExG,0.8567,0.8172,117.415710,175.483871,0.000000
solo_train_neg_33,C:\n.gonorrhea_diagnostic_app\dataset\solo\train\neg\solo_train_neg_33.jpg,solo,neg,G,0.8441,0.8177,186.626450,203.000000,0.000000
solo_train_neg_33,C:\n.gonorrhea_diagnostic_app\dataset\solo\train\neg\solo_train_neg_33.jpg,solo,neg,HSV_V,0.8441,0.8177,237.979446,249.000000,0.000000
solo_train_neg_33,C:\n.gonorrhea_diagnostic_app\dataset\solo\train\neg\solo_train_neg_33.jpg,solo,neg,GRAY,0.8441,0.8177,187.585602,201.000000,0.000000
solo_train_neg_33,C:\n.gonorrhea_diagnostic_app\dataset\solo\train\neg\solo_train_neg_33.jpg,solo,neg,HSV_S,0.8441,0.8177,190.857727,195.000000,0.000000
solo_train_neg_33,C:\n.gonorrhea_diagnostic_app\dataset\solo\train\neg\solo_train_neg_33.jpg,solo,neg,G_norm,0.8441,0.8177,98.139442,100.214005,0.000000
solo_train_neg_33,C:\n.gonorrhea_diagnostic_app\dataset\solo\train\neg\solo_train_neg_33.jpg,solo,neg,G_ratio,0.8441,0.8177,225.801804,233.585495,0.000000
solo_train_neg_33,C:\n.gonorrhea_diagnostic_app\dataset\solo\train\neg\solo_train_neg_33.jpg,solo,neg,ExG,0.8441,0.8177,108.603600,156.686752,0.000000
solo_train_neg_34,C:\n.gonorrhea_diagnostic_app\dataset\solo\train\neg\solo_train_neg_34.jpg,solo,neg,G,0.8285,0.8204,187.394409,205.000000,0.000000
solo_train_neg_34,C:\n.gonorrhea_diagnostic_app\dataset\solo\train\neg\solo_train_neg_34.jpg,solo,neg,HSV_V,0.8285,0.8204,238.642334,251.000000,0.000000
solo_train_neg_34,C:\n.gonorrhea_diagnostic_app\dataset\solo\train\neg\solo_train_neg_34.jpg,solo,neg,GRAY,0.8285,0.8204,188.268280,203.000000,0.000000
solo_train_neg_34,C:\n.gonorrhea_diagnostic_app\dataset\solo\train\neg\solo_train_neg_34.jpg,solo,neg,HSV_S,0.8285,0.8204,190.691071,194.000000,0.000000
solo_train_neg_34,C:\n.gonorrhea_diagnostic_app\dataset\solo\train\neg\solo_train_neg_34.jpg,solo,neg,G_norm,0.8285,0.8204,98.182343,100.470001,0.000000
solo_train_neg_34,C:\n.gonorrhea_diagnostic_app\dataset\solo\train\neg\solo_train_neg_34.jpg,solo,neg,G_ratio,0.8285,0.8204,224.984055,233.550262,0.000000
solo_train_neg_34,C:\n.gonorrhea_diagnostic_app\dataset\solo\train\neg\solo_train_neg_34.jpg,solo,neg,ExG,0.8285,0.8204,104.301270,153.687714,0.000000
solo_train_neg_35,C:\n.gonorrhea_diagnostic_app\dataset\solo\train\neg\solo_train_neg_35.jpg,solo,neg,G,0.8252,0.8095,175.921494,199.000000,0.000000
solo_train_neg_35,C:\n.gonorrhea_diagnostic_app\dataset\solo\train\neg\solo_train_neg_35.jpg,solo,neg,HSV_V,0.8252,0.8095,232.593277,250.000000,0.000000
solo_train_neg_35,C:\n.gonorrhea_diagnostic_app\dataset\solo\train\neg\solo_train_neg_35.jpg,solo,neg,GRAY,0.8252,0.8095,179.369370,200.000000,0.000000
solo_train_neg_35,C:\n.gonorrhea_diagnostic_app\dataset\solo\train\neg\solo_train_neg_35.jpg,solo,neg,HSV_S,0.8252,0.8095,192.504471,199.000000,0.000000
solo_train_neg_35,C:\n.gonorrhea_diagnostic_app\dataset\solo\train\neg\solo_train_neg_35.jpg,solo,neg,G_norm,0.8252,0.8095,95.967903,98.646034,0.000000
solo_train_neg_35,C:\n.gonorrhea_diagnostic_app\dataset\solo\train\neg\solo_train_neg_35.jpg,solo,neg,G_ratio,0.8252,0.8095,229.654358,239.875137,0.000000
solo_train_neg_35,C:\n.gonorrhea_diagnostic_app\dataset\solo\train\neg\solo_train_neg_35.jpg,solo,neg,ExG,0.8252,0.8095,172.762344,225.291260,0.000000
solo_train_neg_36,C:\n.gonorrhea_diagnostic_app\dataset\solo\train\neg\solo_train_neg_36.jpg,solo,neg,G,0.8271,0.8096,175.450195,200.000000,0.000000
solo_train_neg_36,C:\n.gonorrhea_diagnostic_app\dataset\solo\train\neg\solo_train_neg_36.jpg,solo,neg,HSV_V,0.8271,0.8096,231.865204,250.000000,0.000000
solo_train_neg_36,C:\n.gonorrhea_diagnostic_app\dataset\solo\train\neg\solo_train_neg_36.jpg,solo,neg,GRAY,0.8271,0.8096,178.832520,200.000000,0.000000
solo_train_neg_36,C:\n.gonorrhea_diagnostic_app\dataset\solo\train\neg\solo_train_neg_36.jpg,solo,neg,HSV_S,0.8271,0.8096,192.608429,199.000000,0.000000
solo_train_neg_36,C:\n.gonorrhea_diagnostic_app\dataset\solo\train\neg\solo_train_neg_36.jpg,solo,neg,G_norm,0.8271,0.8096,96.044830,98.887794,0.000000
solo_train_neg_36,C:\n.gonorrhea_diagnostic_app\dataset\solo\train\neg\solo_train_neg_36.jpg,solo,neg,G_ratio,0.8271,0.8096,232.405701,243.417557,0.000000
solo_train_neg_36,C:\n.gonorrhea_diagnostic_app\dataset\solo\train\neg\solo_train_neg_36.jpg,solo,neg,ExG,0.8271,0.8096,162.218674,216.363647,0.000000
solo_train_neg_37,C:\n.gonorrhea_diagnostic_app\dataset\solo\train\neg\solo_train_neg_37.jpg,solo,neg,G,0.8437,0.8053,185.394623,208.000000,0.000000
solo_train_neg_37,C:\n.gonorrhea_diagnostic_app\dataset\solo\train\neg\solo_train_neg_37.jpg,solo,neg,HSV_V,0.8437,0.8053,225.297714,243.000000,0.000000
solo_train_neg_37,C:\n.gonorrhea_diagnostic_app\dataset\solo\train\neg\solo_train_neg_37.jpg,solo,neg,GRAY,0.8437,0.8053,182.536102,202.000000,0.000000
solo_train_neg_37,C:\n.gonorrhea_diagnostic_app\dataset\solo\train\neg\solo_train_neg_37.jpg,solo,neg,HSV_S,0.8437,0.8053,192.887070,199.000000,0.000000
solo_train_neg_37,C:\n.gonorrhea_diagnostic_app\dataset\solo\train\neg\solo_train_neg_37.jpg,solo,neg,G_norm,0.8437,0.8053,101.089043,103.493721,0.000000
solo_train_neg_37,C:\n.gonorrhea_diagnostic_app\dataset\solo\train\neg\solo_train_neg_37.jpg,solo,neg,G_ratio,0.8437,0.8053,238.764984,248.046875,0.000000
solo_train_neg_37,C:\n.gonorrhea_diagnostic_app\dataset\solo\train\neg\solo_train_neg_37.jpg,solo,neg,ExG,0.8437,0.8053,203.170792,242.560974,0.000000
solo_train_neg_38,C:\n.gonorrhea_diagnostic_app\dataset\solo\train\neg\solo_train_neg_38.jpg,solo,neg,G,0.8469,0.8030,186.214890,210.000000,0.000000
solo_train_neg_38,C:\n.gonorrhea_diagnostic_app\dataset\solo\train\neg\solo_train_neg_38.jpg,solo,neg,HSV_V,0.8469,0.8030,226.100937,246.000000,0.000000
solo_train_neg_38,C:\n.gonorrhea_diagnostic_app\dataset\solo\train\neg\solo_train_neg_38.jpg,solo,neg,GRAY,0.8469,0.8030,183.297623,204.000000,0.000000
solo_train_neg_38,C:\n.gonorrhea_diagnostic_app\dataset\solo\train\neg\solo_train_neg_38.jpg,solo,neg,HSV_S,0.8469,0.8030,192.786469,200.000000,0.000000
solo_train_neg_38,C:\n.gonorrhea_diagnostic_app\dataset\solo\train\neg\solo_train_neg_38.jpg,solo,neg,G_norm,0.8469,0.8030,101.117851,103.529999,0.000000
solo_train_neg_38,C:\n.gonorrhea_diagnostic_app\dataset\solo\train\neg\solo_train_neg_38.jpg,solo,neg,G_ratio,0.8469,0.8030,239.192841,248.528427,0.000000
solo_train_neg_38,C:\n.gonorrhea_diagnostic_app\dataset\solo\train\neg\solo_train_neg_38.jpg,solo,neg,ExG,0.8469,0.8030,196.541290,238.548386,0.000000
solo_train_neg_39,C:\n.gonorrhea_diagnostic_app\dataset\solo\train\neg\solo_train_neg_39.jpg,solo,neg,G,0.8654,0.8107,186.287766,207.000000,0.000000
solo_train_neg_39,C:\n.gonorrhea_diagnostic_app\dataset\solo\train\neg\solo_train_neg_39.jpg,solo,neg,HSV_V,0.8654,0.8107,233.146393,250.000000,0.000000
solo_train_neg_39,C:\n.gonorrhea_diagnostic_app\dataset\solo\train\neg\solo_train_neg_39.jpg,solo,neg,GRAY,0.8654,0.8107,185.723251,204.000000,0.000000
solo_train_neg_39,C:\n.gonorrhea_diagnostic_app\dataset\solo\train\neg\solo_train_neg_39.jpg,solo,neg,HSV_S,0.8654,0.8107,191.623611,196.000000,0.000000
solo_train_neg_39,C:\n.gonorrhea_diagnostic_app\dataset\solo\train\neg\solo_train_neg_39.jpg,solo,neg,G_norm,0.8654,0.8107,99.255394,101.527779,0.000000
solo_train_neg_39,C:\n.gonorrhea_diagnostic_app\dataset\solo\train\neg\solo_train_neg_39.jpg,solo,neg,G_ratio,0.8654,0.8107,224.385315,232.752350,0.000000
solo_train_neg_39,C:\n.gonorrhea_diagnostic_app\dataset\solo\train\neg\solo_train_neg_39.jpg,solo,neg,ExG,0.8654,0.8107,138.852524,180.137619,0.000000
solo_train_neg_4,C:\n.gonorrhea_diagnostic_app\dataset\solo\train\neg\solo_train_neg_4.jpg,solo,neg,G,0.8447,0.8047,190.338638,212.000000,0.000000
solo_train_neg_4,C:\n.gonorrhea_diagnostic_app\dataset\solo\train\neg\solo_train_neg_4.jpg,solo,neg,HSV_V,0.8447,0.8047,237.683502,251.000000,0.000000
solo_train_neg_4,C:\n.gonorrhea_diagnostic_app\dataset\solo\train\neg\solo_train_neg_4.jpg,solo,neg,GRAY,0.8447,0.8047,189.711258,207.000000,0.000000
solo_train_neg_4,C:\n.gonorrhea_diagnostic_app\dataset\solo\train\neg\solo_train_neg_4.jpg,solo,neg,HSV_S,0.8447,0.8047,190.280777,194.000000,0.000000
solo_train_neg_4,C:\n.gonorrhea_diagnostic_app\dataset\solo\train\neg\solo_train_neg_4.jpg,solo,neg,G_norm,0.8447,0.8047,99.130882,101.900581,0.000000
solo_train_neg_4,C:\n.gonorrhea_diagnostic_app\dataset\solo\train\neg\solo_train_neg_4.jpg,solo,neg,G_ratio,0.8447,0.8047,225.992355,236.296494,0.000000
solo_train_neg_4,C:\n.gonorrhea_diagnostic_app\dataset\solo\train\neg\solo_train_neg_4.jpg,solo,neg,ExG,0.8447,0.8047,146.837936,196.842102,0.000000
solo_train_neg_40,C:\n.gonorrhea_diagnostic_app\dataset\solo\train\neg\solo_train_neg_40.jpg,solo,neg,G,0.8668,0.8129,186.752335,208.000000,0.000000
solo_train_neg_40,C:\n.gonorrhea_diagnostic_app\dataset\solo\train\neg\solo_train_neg_40.jpg,solo,neg,HSV_V,0.8668,0.8129,233.590714,250.000000,0.000000
solo_train_neg_40,C:\n.gonorrhea_diagnostic_app\dataset\solo\train\neg\solo_train_neg_40.jpg,solo,neg,GRAY,0.8668,0.8129,186.163177,204.000000,0.000000
solo_train_neg_40,C:\n.gonorrhea_diagnostic_app\dataset\solo\train\neg\solo_train_neg_40.jpg,solo,neg,HSV_S,0.8668,0.8129,191.474182,196.000000,0.000000
solo_train_neg_40,C:\n.gonorrhea_diagnostic_app\dataset\solo\train\neg\solo_train_neg_40.jpg,solo,neg,G_norm,0.8668,0.8129,99.248734,101.536369,0.000000
solo_train_neg_40,C:\n.gonorrhea_diagnostic_app\dataset\solo\train\neg\solo_train_neg_40.jpg,solo,neg,G_ratio,0.8668,0.8129,224.462372,232.885452,0.000000
solo_train_neg_40,C:\n.gonorrhea_diagnostic_app\dataset\solo\train\neg\solo_train_neg_40.jpg,solo,neg,ExG,0.8668,0.8129,142.426788,186.696426,0.000000
solo_train_neg_5,C:\n.gonorrhea_diagnostic_app\dataset\solo\train\neg\solo_train_neg_5.jpg,solo,neg,G,0.8319,0.8147,190.952606,214.000000,0.000000
solo_train_neg_5,C:\n.gonorrhea_diagnostic_app\dataset\solo\train\neg\solo_train_neg_5.jpg,solo,neg,HSV_V,0.8319,0.8147,236.605972,252.000000,0.000000
solo_train_neg_5,C:\n.gonorrhea_diagnostic_app\dataset\solo\train\neg\solo_train_neg_5.jpg,solo,neg,GRAY,0.8319,0.8147,189.676437,209.000000,0.000000
solo_train_neg_5,C:\n.gonorrhea_diagnostic_app\dataset\solo\train\neg\solo_train_neg_5.jpg,solo,neg,HSV_S,0.8319,0.8147,190.796051,195.000000,0.000000
solo_train_neg_5,C:\n.gonorrhea_diagnostic_app\dataset\solo\train\neg\solo_train_neg_5.jpg,solo,neg,G_norm,0.8319,0.8147,99.563805,102.192818,0.000000
solo_train_neg_5,C:\n.gonorrhea_diagnostic_app\dataset\solo\train\neg\solo_train_neg_5.jpg,solo,neg,G_ratio,0.8319,0.8147,225.709167,235.398041,0.000000
solo_train_neg_5,C:\n.gonorrhea_diagnostic_app\dataset\solo\train\neg\solo_train_neg_5.jpg,solo,neg,ExG,0.8319,0.8147,164.223694,207.187500,0.000000
solo_train_neg_6,C:\n.gonorrhea_diagnostic_app\dataset\solo\train\neg\solo_train_neg_6.jpg,solo,neg,G,0.8413,0.8125,191.641602,214.000000,0.000000
solo_train_neg_6,C:\n.gonorrhea_diagnostic_app\dataset\solo\train\neg\solo_train_neg_6.jpg,solo,neg,HSV_V,0.8413,0.8125,236.660461,252.000000,0.000000
solo_train_neg_6,C:\n.gonorrhea_diagnostic_app\dataset\solo\train\neg\solo_train_neg_6.jpg,solo,neg,GRAY,0.8413,0.8125,190.110840,209.000000,0.000000
solo_train_neg_6,C:\n.gonorrhea_diagnostic_app\dataset\solo\train\neg\solo_train_neg_6.jpg,solo,neg,HSV_S,0.8413,0.8125,190.589539,194.000000,0.000000
solo_train_neg_6,C:\n.gonorrhea_diagnostic_app\dataset\solo\train\neg\solo_train_neg_6.jpg,solo,neg,G_norm,0.8413,0.8125,99.701317,102.189240,0.000000
solo_train_neg_6,C:\n.gonorrhea_diagnostic_app\dataset\solo\train\neg\solo_train_neg_6.jpg,solo,neg,G_ratio,0.8413,0.8125,224.782028,233.843781,0.000000
solo_train_neg_6,C:\n.gonorrhea_diagnostic_app\dataset\solo\train\neg\solo_train_neg_6.jpg,solo,neg,ExG,0.8413,0.8125,163.353775,202.840912,0.000000
solo_train_neg_7,C:\n.gonorrhea_diagnostic_app\dataset\solo\train\neg\solo_train_neg_7.jpg,solo,neg,G,0.8357,0.8188,188.579346,211.000000,0.000000
solo_train_neg_7,C:\n.gonorrhea_diagnostic_app\dataset\solo\train\neg\solo_train_neg_7.jpg,solo,neg,HSV_V,0.8357,0.8188,242.891602,254.000000,0.000000
solo_train_neg_7,C:\n.gonorrhea_diagnostic_app\dataset\solo\train\neg\solo_train_neg_7.jpg,solo,neg,GRAY,0.8357,0.8188,190.475342,208.000000,0.000000
solo_train_neg_7,C:\n.gonorrhea_diagnostic_app\dataset\solo\train\neg\solo_train_neg_7.jpg,solo,neg,HSV_S,0.8357,0.8188,189.653839,194.000000,0.000000
solo_train_neg_7,C:\n.gonorrhea_diagnostic_app\dataset\solo\train\neg\solo_train_neg_7.jpg,solo,neg,G_norm,0.8357,0.8188,97.086037,100.886340,0.000000
solo_train_neg_7,C:\n.gonorrhea_diagnostic_app\dataset\solo\train\neg\solo_train_neg_7.jpg,solo,neg,G_ratio,0.8357,0.8188,217.082520,230.858731,0.000000
solo_train_neg_7,C:\n.gonorrhea_diagnostic_app\dataset\solo\train\neg\solo_train_neg_7.jpg,solo,neg,ExG,0.8357,0.8188,135.700455,196.475403,0.000000
solo_train_neg_8,C:\n.gonorrhea_diagnostic_app\dataset\solo\train\neg\solo_train_neg_8.jpg,solo,neg,G,0.8357,0.8182,189.027130,212.000000,0.000000
solo_train_neg_8,C:\n.gonorrhea_diagnostic_app\dataset\solo\train\neg\solo_train_neg_8.jpg,solo,neg,HSV_V,0.8357,0.8182,242.908905,255.000000,0.000000
solo_train_neg_8,C:\n.gonorrhea_diagnostic_app\dataset\solo\train\neg\solo_train_neg_8.jpg,solo,neg,GRAY,0.8357,0.8182,190.714447,209.000000,0.000000
solo_train_neg_8,C:\n.gonorrhea_diagnostic_app\dataset\solo\train\neg\solo_train_neg_8.jpg,solo,neg,HSV_S,0.8357,0.8182,189.766144,195.000000,0.000000
solo_train_neg_8,C:\n.gonorrhea_diagnostic_app\dataset\solo\train\neg\solo_train_neg_8.jpg,solo,neg,G_norm,0.8357,0.8182,97.238914,100.928840,0.000000
solo_train_neg_8,C:\n.gonorrhea_diagnostic_app\dataset\solo\train\neg\solo_train_neg_8.jpg,solo,neg,G_ratio,0.8357,0.8182,220.670258,234.234398,0.000000
solo_train_neg_8,C:\n.gonorrhea_diagnostic_app\dataset\solo\train\neg\solo_train_neg_8.jpg,solo,neg,ExG,0.8357,0.8182,141.003113,200.206604,0.000000
solo_train_neg_9,C:\n.gonorrhea_diagnostic_app\dataset\solo\train\neg\solo_train_neg_9.jpg,solo,neg,G,0.8492,0.8088,186.112244,208.000000,0.000000
solo_train_neg_9,C:\n.gonorrhea_diagnostic_app\dataset\solo\train\neg\solo_train_neg_9.jpg,solo,neg,HSV_V,0.8492,0.8088,237.988541,252.000000,0.000000
solo_train_neg_9,C:\n.gonorrhea_diagnostic_app\dataset\solo\train\neg\solo_train_neg_9.jpg,solo,neg,GRAY,0.8492,0.8088,187.221970,205.000000,0.000000
solo_train_neg_9,C:\n.gonorrhea_diagnostic_app\dataset\solo\train\neg\solo_train_neg_9.jpg,solo,neg,HSV_S,0.8492,0.8088,191.275848,195.000000,0.000000
solo_train_neg_9,C:\n.gonorrhea_diagnostic_app\dataset\solo\train\neg\solo_train_neg_9.jpg,solo,neg,G_norm,0.8492,0.8088,97.803513,100.746689,0.000000
solo_train_neg_9,C:\n.gonorrhea_diagnostic_app\dataset\solo\train\neg\solo_train_neg_9.jpg,solo,neg,G_ratio,0.8492,0.8088,222.484818,233.308868,0.000000
solo_train_neg_9,C:\n.gonorrhea_diagnostic_app\dataset\solo\train\neg\solo_train_neg_9.jpg,solo,neg,ExG,0.8492,0.8088,146.324707,194.921997,0.000000
solo_train_pos_1,C:\n.gonorrhea_diagnostic_app\dataset\solo\train\pos\solo_train_pos_1.jpg,solo,pos,G,0.8525,0.8298,232.715347,246.000000,0.017022
solo_train_pos_1,C:\n.gonorrhea_diagnostic_app\dataset\solo\train\pos\solo_train_pos_1.jpg,solo,pos,HSV_V,0.8525,0.8298,251.386978,255.000000,0.017022
solo_train_pos_1,C:\n.gonorrhea_diagnostic_app\dataset\solo\train\pos\solo_train_pos_1.jpg,solo,pos,GRAY,0.8525,0.8298,219.044266,228.000000,0.017022
solo_train_pos_1,C:\n.gonorrhea_diagnostic_app\dataset\solo\train\pos\solo_train_pos_1.jpg,solo,pos,HSV_S,0.8525,0.8298,190.586960,193.000000,0.017022
solo_train_pos_1,C:\n.gonorrhea_diagnostic_app\dataset\solo\train\pos\solo_train_pos_1.jpg,solo,pos,G_norm,0.8525,0.8298,108.271790,111.505371,0.017022
solo_train_pos_1,C:\n.gonorrhea_diagnostic_app\dataset\solo\train\pos\solo_train_pos_1.jpg,solo,pos,G_ratio,0.8525,0.8298,233.358475,245.553833,0.017022
solo_train_pos_1,C:\n.gonorrhea_diagnostic_app\dataset\solo\train\pos\solo_train_pos_1.jpg,solo,pos,ExG,0.8525,0.8298,155.024094,216.142853,0.017022
solo_train_pos_10,C:\n.gonorrhea_diagnostic_app\dataset\solo\train\pos\solo_train_pos_10.jpg,solo,pos,G,0.8183,0.8135,221.533783,239.000000,0.008127
solo_train_pos_10,C:\n.gonorrhea_diagnostic_app\dataset\solo\train\pos\solo_train_pos_10.jpg,solo,pos,HSV_V,0.8183,0.8135,250.527679,255.000000,0.008127
solo_train_pos_10,C:\n.gonorrhea_diagnostic_app\dataset\solo\train\pos\solo_train_pos_10.jpg,solo,pos,GRAY,0.8183,0.8135,212.354263,224.000000,0.008127
solo_train_pos_10,C:\n.gonorrhea_diagnostic_app\dataset\solo\train\pos\solo_train_pos_10.jpg,solo,pos,HSV_S,0.8183,0.8135,189.066559,192.000000,0.008127
solo_train_pos_10,C:\n.gonorrhea_diagnostic_app\dataset\solo\train\pos\solo_train_pos_10.jpg,solo,pos,G_norm,0.8183,0.8135,104.973213,109.154678,0.008127
solo_train_pos_10,C:\n.gonorrhea_diagnostic_app\dataset\solo\train\pos\solo_train_pos_10.jpg,solo,pos,G_ratio,0.8183,0.8135,223.514908,238.748138,0.008127
solo_train_pos_10,C:\n.gonorrhea_diagnostic_app\dataset\solo\train\pos\solo_train_pos_10.jpg,solo,pos,ExG,0.8183,0.8135,156.200256,211.285721,0.008127
solo_train_pos_11,C:\n.gonorrhea_diagnostic_app\dataset\solo\train\pos\solo_train_pos_11.jpg,solo,pos,G,0.8353,0.8184,201.986832,227.000000,0.000118
solo_train_pos_11,C:\n.gonorrhea_diagnostic_app\dataset\solo\train\pos\solo_train_pos_11.jpg,solo,pos,HSV_V,0.8353,0.8184,236.790619,254.000000,0.000118
solo_train_pos_11,C:\n.gonorrhea_diagnostic_app\dataset\solo\train\pos\solo_train_pos_11.jpg,solo,pos,GRAY,0.8353,0.8184,194.474838,215.000000,0.000118
solo_train_pos_11,C:\n.gonorrhea_diagnostic_app\dataset\solo\train\pos\solo_train_pos_11.jpg,solo,pos,HSV_S,0.8353,0.8184,207.720642,212.000000,0.000118
solo_train_pos_11,C:\n.gonorrhea_diagnostic_app\dataset\solo\train\pos\solo_train_pos_11.jpg,solo,pos,G_norm,0.8353,0.8184,106.534752,109.077950,0.000118
solo_train_pos_11,C:\n.gonorrhea_diagnostic_app\dataset\solo\train\pos\solo_train_pos_11.jpg,solo,pos,G_ratio,0.8353,0.8184,224.531235,233.805588,0.000118
solo_train_pos_11,C:\n.gonorrhea_diagnostic_app\dataset\solo\train\pos\solo_train_pos_11.jpg,solo,pos,ExG,0.8353,0.8184,130.197525,194.746002,0.000118
solo_train_pos_12,C:\n.gonorrhea_diagnostic_app\dataset\solo\train\pos\solo_train_pos_12.jpg,solo,pos,G,0.8310,0.8218,201.081451,227.000000,0.000000
solo_train_pos_12,C:\n.gonorrhea_diagnostic_app\dataset\solo\train\pos\solo_train_pos_12.jpg,solo,pos,HSV_V,0.8310,0.8218,236.477615,254.000000,0.000000
solo_train_pos_12,C:\n.gonorrhea_diagnostic_app\dataset\solo\train\pos\solo_train_pos_12.jpg,solo,pos,GRAY,0.8310,0.8218,193.846710,215.000000,0.000000
solo_train_pos_12,C:\n.gonorrhea_diagnostic_app\dataset\solo\train\pos\solo_train_pos_12.jpg,solo,pos,HSV_S,0.8310,0.8218,207.622269,213.000000,0.000000
solo_train_pos_12,C:\n.gonorrhea_diagnostic_app\dataset\solo\train\pos\solo_train_pos_12.jpg,solo,pos,G_norm,0.8310,0.8218,106.278397,109.007629,0.000000
solo_train_pos_12,C:\n.gonorrhea_diagnostic_app\dataset\solo\train\pos\solo_train_pos_12.jpg,solo,pos,G_ratio,0.8310,0.8218,223.718887,233.637955,0.000000
solo_train_pos_12,C:\n.gonorrhea_diagnostic_app\dataset\solo\train\pos\solo_train_pos_12.jpg,solo,pos,ExG,0.8310,0.8218,139.310349,200.840698,0.000000
solo_train_pos_13,C:\n.gonorrhea_diagnostic_app\dataset\solo\train\pos\solo_train_pos_13.jpg,solo,pos,G,0.8391,0.8296,202.149811,225.000000,0.000000
solo_train_pos_13,C:\n.gonorrhea_diagnostic_app\dataset\solo\train\pos\solo_train_pos_13.jpg,solo,pos,HSV_V,0.8391,0.8296,234.917877,252.000000,0.000000
solo_train_pos_13,C:\n.gonorrhea_diagnostic_app\dataset\solo\train\pos\solo_train_pos_13.jpg,solo,pos,GRAY,0.8391,0.8296,193.739929,213.000000,0.000000
solo_train_pos_13,C:\n.gonorrhea_diagnostic_app\dataset\solo\train\pos\solo_train_pos_13.jpg,solo,pos,HSV_S,0.8391,0.8296,208.763596,213.000000,0.000000
solo_train_pos_13,C:\n.gonorrhea_diagnostic_app\dataset\solo\train\pos\solo_train_pos_13.jpg,solo,pos,G_norm,0.8391,0.8296,107.192078,109.491524,0.000000
solo_train_pos_13,C:\n.gonorrhea_diagnostic_app\dataset\solo\train\pos\solo_train_pos_13.jpg,solo,pos,G_ratio,0.8391,0.8296,224.137039,232.397644,0.000000
solo_train_pos_13,C:\n.gonorrhea_diagnostic_app\dataset\solo\train\pos\solo_train_pos_13.jpg,solo,pos,ExG,0.8391,0.8296,155.884750,199.160583,0.000000
solo_train_pos_14,C:\n.gonorrhea_diagnostic_app\dataset\solo\train\pos\solo_train_pos_14.jpg,solo,pos,G,0.8379,0.8297,227.087112,244.000000,0.012635
solo_train_pos_14,C:\n.gonorrhea_diagnostic_app\dataset\solo\train\pos\solo_train_pos_14.jpg,solo,pos,HSV_V,0.8379,0.8297,251.189362,255.000000,0.012635
solo_train_pos_14,C:\n.gonorrhea_diagnostic_app\dataset\solo\train\pos\solo_train_pos_14.jpg,solo,pos,GRAY,0.8379,0.8297,215.781891,227.000000,0.012635
solo_train_pos_14,C:\n.gonorrhea_diagnostic_app\dataset\solo\train\pos\solo_train_pos_14.jpg,solo,pos,HSV_S,0.8379,0.8297,189.542007,192.000000,0.012635
solo_train_pos_14,C:\n.gonorrhea_diagnostic_app\dataset\solo\train\pos\solo_train_pos_14.jpg,solo,pos,G_norm,0.8379,0.8297,106.496109,110.789948,0.012635
solo_train_pos_14,C:\n.gonorrhea_diagnostic_app\dataset\solo\train\pos\solo_train_pos_14.jpg,solo,pos,G_ratio,0.8379,0.8297,228.509354,244.488831,0.012635
solo_train_pos_14,C:\n.gonorrhea_diagnostic_app\dataset\solo\train\pos\solo_train_pos_14.jpg,solo,pos,ExG,0.8379,0.8297,162.955002,221.410553,0.012635
solo_train_pos_15,C:\n.gonorrhea_diagnostic_app\dataset\solo\train\pos\solo_train_pos_15.jpg,solo,pos,G,0.8328,0.8231,205.689468,227.000000,0.000090
solo_train_pos_15,C:\n.gonorrhea_diagnostic_app\dataset\solo\train\pos\solo_train_pos_15.jpg,solo,pos,HSV_V,0.8328,0.8231,235.408463,251.000000,0.000090
solo_train_pos_15,C:\n.gonorrhea_diagnostic_app\dataset\solo\train\pos\solo_train_pos_15.jpg,solo,pos,GRAY,0.8328,0.8231,195.975632,214.000000,0.000090
solo_train_pos_15,C:\n.gonorrhea_diagnostic_app\dataset\solo\train\pos\solo_train_pos_15.jpg,solo,pos,HSV_S,0.8328,0.8231,208.814636,214.000000,0.000090
solo_train_pos_15,C:\n.gonorrhea_diagnostic_app\dataset\solo\train\pos\solo_train_pos_15.jpg,solo,pos,G_norm,0.8328,0.8231,108.297478,110.092255,0.000090
solo_train_pos_15,C:\n.gonorrhea_diagnostic_app\dataset\solo\train\pos\solo_train_pos_15.jpg,solo,pos,G_ratio,0.8328,0.8231,229.400726,236.016632,0.000090
solo_train_pos_15,C:\n.gonorrhea_diagnostic_app\dataset\solo\train\pos\solo_train_pos_15.jpg,solo,pos,ExG,0.8328,0.8231,137.049484,198.333344,0.000090
solo_train_pos_16,C:\n.gonorrhea_diagnostic_app\dataset\solo\train\pos\solo_train_pos_16.jpg,solo,pos,G,0.8347,0.8219,204.269394,226.000000,0.000246
solo_train_pos_16,C:\n.gonorrhea_diagnostic_app\dataset\solo\train\pos\solo_train_pos_16.jpg,solo,pos,HSV_V,0.8347,0.8219,234.069733,251.000000,0.000246
solo_train_pos_16,C:\n.gonorrhea_diagnostic_app\dataset\solo\train\pos\solo_train_pos_16.jpg,solo,pos,GRAY,0.8347,0.8219,194.727417,213.000000,0.000246
solo_train_pos_16,C:\n.gonorrhea_diagnostic_app\dataset\solo\train\pos\solo_train_pos_16.jpg,solo,pos,HSV_S,0.8347,0.8219,208.883392,214.000000,0.000246
solo_train_pos_16,C:\n.gonorrhea_diagnostic_app\dataset\solo\train\pos\solo_train_pos_16.jpg,solo,pos,G_norm,0.8347,0.8219,108.223061,109.913788,0.000246
solo_train_pos_16,C:\n.gonorrhea_diagnostic_app\dataset\solo\train\pos\solo_train_pos_16.jpg,solo,pos,G_ratio,0.8347,0.8219,229.298416,235.512207,0.000246
solo_train_pos_16,C:\n.gonorrhea_diagnostic_app\dataset\solo\train\pos\solo_train_pos_16.jpg,solo,pos,ExG,0.8347,0.8219,144.994308,199.793808,0.000246
solo_train_pos_17,C:\n.gonorrhea_diagnostic_app\dataset\solo\train\pos\solo_train_pos_17.jpg,solo,pos,G,0.8348,0.8143,199.977097,221.000000,0.000000
solo_train_pos_17,C:\n.gonorrhea_diagnostic_app\dataset\solo\train\pos\solo_train_pos_17.jpg,solo,pos,HSV_V,0.8348,0.8143,237.077332,252.000000,0.000000
solo_train_pos_17,C:\n.gonorrhea_diagnostic_app\dataset\solo\train\pos\solo_train_pos_17.jpg,solo,pos,GRAY,0.8348,0.8143,193.435425,211.000000,0.000000
solo_train_pos_17,C:\n.gonorrhea_diagnostic_app\dataset\solo\train\pos\solo_train_pos_17.jpg,solo,pos,HSV_S,0.8348,0.8143,207.179367,211.000000,0.000000
solo_train_pos_17,C:\n.gonorrhea_diagnostic_app\dataset\solo\train\pos\solo_train_pos_17.jpg,solo,pos,G_norm,0.8348,0.8143,105.741089,107.689247,0.000000
solo_train_pos_17,C:\n.gonorrhea_diagnostic_app\dataset\solo\train\pos\solo_train_pos_17.jpg,solo,pos,G_ratio,0.8348,0.8143,219.516647,226.413239,0.000000
solo_train_pos_17,C:\n.gonorrhea_diagnostic_app\dataset\solo\train\pos\solo_train_pos_17.jpg,solo,pos,ExG,0.8348,0.8143,117.263252,163.928574,0.000000
solo_train_pos_18,C:\n.gonorrhea_diagnostic_app\dataset\solo\train\pos\solo_train_pos_18.jpg,solo,pos,G,0.8415,0.8164,200.657700,222.000000,0.000000
solo_train_pos_18,C:\n.gonorrhea_diagnostic_app\dataset\solo\train\pos\solo_train_pos_18.jpg,solo,pos,HSV_V,0.8415,0.8164,237.466858,253.000000,0.000000
solo_train_pos_18,C:\n.gonorrhea_diagnostic_app\dataset\solo\train\pos\solo_train_pos_18.jpg,solo,pos,GRAY,0.8415,0.8164,193.934830,212.000000,0.000000
solo_train_pos_18,C:\n.gonorrhea_diagnostic_app\dataset\solo\train\pos\solo_train_pos_18.jpg,solo,pos,HSV_S,0.8415,0.8164,207.464844,212.000000,0.000000
solo_train_pos_18,C:\n.gonorrhea_diagnostic_app\dataset\solo\train\pos\solo_train_pos_18.jpg,solo,pos,G_norm,0.8415,0.8164,105.877922,108.034348,0.000000
solo_train_pos_18,C:\n.gonorrhea_diagnostic_app\dataset\solo\train\pos\solo_train_pos_18.jpg,solo,pos,G_ratio,0.8415,0.8164,220.585068,228.265854,0.000000
solo_train_pos_18,C:\n.gonorrhea_diagnostic_app\dataset\solo\train\pos\solo_train_pos_18.jpg,solo,pos,ExG,0.8415,0.8164,127.797157,177.391312,0.000000
solo_train_pos_19,C:\n.gonorrhea_diagnostic_app\dataset\solo\train\pos\solo_train_pos_19.jpg,solo,pos,G,0.8533,0.8340,219.947723,237.000000,0.007541
solo_train_pos_19,C:\n.gonorrhea_diagnostic_app\dataset\solo\train\pos\solo_train_pos_19.jpg,solo,pos,HSV_V,0.8533,0.8340,250.379974,255.000000,0.007541
solo_train_pos_19,C:\n.gonorrhea_diagnostic_app\dataset\solo\train\pos\solo_train_pos_19.jpg,solo,pos,GRAY,0.8533,0.8340,211.369141,223.000000,0.007541
solo_train_pos_19,C:\n.gonorrhea_diagnostic_app\dataset\solo\train\pos\solo_train_pos_19.jpg,solo,pos,HSV_S,0.8533,0.8340,189.122208,192.000000,0.007541
solo_train_pos_19,C:\n.gonorrhea_diagnostic_app\dataset\solo\train\pos\solo_train_pos_19.jpg,solo,pos,G_norm,0.8533,0.8340,104.620178,108.628159,0.007541
solo_train_pos_19,C:\n.gonorrhea_diagnostic_app\dataset\solo\train\pos\solo_train_pos_19.jpg,solo,pos,G_ratio,0.8533,0.8340,222.863678,237.483994,0.007541
solo_train_pos_19,C:\n.gonorrhea_diagnostic_app\dataset\solo\train\pos\solo_train_pos_19.jpg,solo,pos,ExG,0.8533,0.8340,140.666107,196.007462,0.007541
solo_train_pos_2,C:\n.gonorrhea_diagnostic_app\dataset\solo\train\pos\solo_train_pos_2.jpg,solo,pos,G,0.8524,0.8108,233.190582,247.000000,0.015481
solo_train_pos_2,C:\n.gonorrhea_diagnostic_app\dataset\solo\train\pos\solo_train_pos_2.jpg,solo,pos,HSV_V,0.8524,0.8108,251.339417,255.000000,0.015481
solo_train_pos_2,C:\n.gonorrhea_diagnostic_app\dataset\solo\train\pos\solo_train_pos_2.jpg,solo,pos,GRAY,0.8524,0.8108,219.281158,228.000000,0.015481
solo_train_pos_2,C:\n.gonorrhea_diagnostic_app\dataset\solo\train\pos\solo_train_pos_2.jpg,solo,pos,HSV_S,0.8524,0.8108,190.885254,194.000000,0.015481
solo_train_pos_2,C:\n.gonorrhea_diagnostic_app\dataset\solo\train\pos\solo_train_pos_2.jpg,solo,pos,G_norm,0.8524,0.8108,108.480804,111.873894,0.015481
solo_train_pos_2,C:\n.gonorrhea_diagnostic_app\dataset\solo\train\pos\solo_train_pos_2.jpg,solo,pos,G_ratio,0.8524,0.8108,233.738495,246.588806,0.015481
solo_train_pos_2,C:\n.gonorrhea_diagnostic_app\dataset\solo\train\pos\solo_train_pos_2.jpg,solo,pos,ExG,0.8524,0.8108,154.773285,221.515152,0.015481
solo_train_pos_20,C:\n.gonorrhea_diagnostic_app\dataset\solo\train\pos\solo_train_pos_20.jpg,solo,pos,G,0.8511,0.8318,198.887665,222.000000,0.000000
solo_train_pos_20,C:\n.gonorrhea_diagnostic_app\dataset\solo\train\pos\solo_train_pos_20.jpg,solo,pos,HSV_V,0.8511,0.8318,234.262894,252.000000,0.000000
solo_train_pos_20,C:\n.gonorrhea_diagnostic_app\dataset\solo\train\pos\solo_train_pos_20.jpg,solo,pos,GRAY,0.8511,0.8318,191.824829,211.000000,0.000000
solo_train_pos_20,C:\n.gonorrhea_diagnostic_app\dataset\solo\train\pos\solo_train_pos_20.jpg,solo,pos,HSV_S,0.8511,0.8318,208.492050,213.000000,0.000000
solo_train_pos_20,C:\n.gonorrhea_diagnostic_app\dataset\solo\train\pos\solo_train_pos_20.jpg,solo,pos,G_norm,0.8511,0.8318,106.350426,108.436897,0.000000
solo_train_pos_20,C:\n.gonorrhea_diagnostic_app\dataset\solo\train\pos\solo_train_pos_20.jpg,solo,pos,G_ratio,0.8511,0.8318,223.735321,231.267151,0.000000
solo_train_pos_20,C:\n.gonorrhea_diagnostic_app\dataset\solo\train\pos\solo_train_pos_20.jpg,solo,pos,ExG,0.8511,0.8318,137.004883,183.150604,0.000000
solo_train_pos_21,C:\n.gonorrhea_diagnostic_app\dataset\solo\train\pos\solo_train_pos_21.jpg,solo,pos,G,0.8748,0.8263,221.021896,237.000000,0.009722
solo_train_pos_21,C:\n.gonorrhea_diagnostic_app\dataset\solo\train\pos\solo_train_pos_21.jpg,solo,pos,HSV_V,0.8748,0.8263,250.196457,255.000000,0.009722
solo_train_pos_21,C:\n.gonorrhea_diagnostic_app\dataset\solo\train\pos\solo_train_pos_21.jpg,solo,pos,GRAY,0.8748,0.8263,211.892502,223.000000,0.009722
solo_train_pos_21,C:\n.gonorrhea_diagnostic_app\dataset\solo\train\pos\solo_train_pos_21.jpg,solo,pos,HSV_S,0.8748,0.8263,189.158310,192.000000,0.009722
solo_train_pos_21,C:\n.gonorrhea_diagnostic_app\dataset\solo\train\pos\solo_train_pos_21.jpg,solo,pos,G_norm,0.8748,0.8263,105.089569,108.756805,0.009722
solo_train_pos_21,C:\n.gonorrhea_diagnostic_app\dataset\solo\train\pos\solo_train_pos_21.jpg,solo,pos,G_ratio,0.8748,0.8263,222.380463,235.743362,0.009722
solo_train_pos_21,C:\n.gonorrhea_diagnostic_app\dataset\solo\train\pos\solo_train_pos_21.jpg,solo,pos,ExG,0.8748,0.8263,112.819794,178.738327,0.009722
solo_train_pos_22,C:\n.gonorrhea_diagnostic_app\dataset\solo\train\pos\solo_train_pos_22.jpg,solo,pos,G,0.8484,0.8077,212.998032,238.000000,0.003021
solo_train_pos_22,C:\n.gonorrhea_diagnostic_app\dataset\solo\train\pos\solo_train_pos_22.jpg,solo,pos,HSV_V,0.8484,0.8077,213.037338,238.000000,0.003021
solo_train_pos_22,C:\n.gonorrhea_diagnostic_app\dataset\solo\train\pos\solo_train_pos_22.jpg,solo,pos,GRAY,0.8484,0.8077,187.523819,210.000000,0.003021
solo_train_pos_22,C:\n.gonorrhea_diagnostic_app\dataset\solo\train\pos\solo_train_pos_22.jpg,solo,pos,HSV_S,0.8484,0.8077,225.217270,231.000000,0.003021
solo_train_pos_22,C:\n.gonorrhea_diagnostic_app\dataset\solo\train\pos\solo_train_pos_22.jpg,solo,pos,G_norm,0.8484,0.8077,124.122353,125.807526,0.003021
solo_train_pos_22,C:\n.gonorrhea_diagnostic_app\dataset\solo\train\pos\solo_train_pos_22.jpg,solo,pos,G_ratio,0.8484,0.8077,230.129837,236.230042,0.003021
solo_train_pos_22,C:\n.gonorrhea_diagnostic_app\dataset\solo\train\pos\solo_train_pos_22.jpg,solo,pos,ExG,0.8484,0.8077,174.954895,235.384613,0.003021
solo_train_pos_23,C:\n.gonorrhea_diagnostic_app\dataset\solo\train\pos\solo_train_pos_23.jpg,solo,pos,G,0.8423,0.8162,206.474930,232.000000,0.005579
solo_train_pos_23,C:\n.gonorrhea_diagnostic_app\dataset\solo\train\pos\solo_train_pos_23.jpg,solo,pos,HSV_V,0.8423,0.8162,227.058289,247.000000,0.005579
solo_train_pos_23,C:\n.gonorrhea_diagnostic_app\dataset\solo\train\pos\solo_train_pos_23.jpg,solo,pos,GRAY,0.8423,0.8162,193.357834,215.000000,0.005579
solo_train_pos_23,C:\n.gonorrhea_diagnostic_app\dataset\solo\train\pos\solo_train_pos_23.jpg,solo,pos,HSV_S,0.8423,0.8162,212.779343,218.000000,0.005579
solo_train_pos_23,C:\n.gonorrhea_diagnostic_app\dataset\solo\train\pos\solo_train_pos_23.jpg,solo,pos,G_norm,0.8423,0.8162,111.429817,113.388351,0.005579
solo_train_pos_23,C:\n.gonorrhea_diagnostic_app\dataset\solo\train\pos\solo_train_pos_23.jpg,solo,pos,G_ratio,0.8423,0.8162,233.773178,241.010193,0.005579
solo_train_pos_23,C:\n.gonorrhea_diagnostic_app\dataset\solo\train\pos\solo_train_pos_23.jpg,solo,pos,ExG,0.8423,0.8162,170.831421,209.522293,0.005579
solo_train_pos_24,C:\n.gonorrhea_diagnostic_app\dataset\solo\train\pos\solo_train_pos_24.jpg,solo,pos,G,0.8282,0.8170,237.040024,254.000000,0.064438
solo_train_pos_24,C:\n.gonorrhea_diagnostic_app\dataset\solo\train\pos\solo_train_pos_24.jpg,solo,pos,HSV_V,0.8282,0.8170,239.723038,254.000000,0.064438
solo_train_pos_24,C:\n.gonorrhea_diagnostic_app\dataset\solo\train\pos\solo_train_pos_24.jpg,solo,pos,GRAY,0.8282,0.8170,217.193924,231.000000,0.064438
solo_train_pos_24,C:\n.gonorrhea_diagnostic_app\dataset\solo\train\pos\solo_train_pos_24.jpg,solo,pos,HSV_S,0.8282,0.8170,195.412720,198.000000,0.064438
solo_train_pos_24,C:\n.gonorrhea_diagnostic_app\dataset\solo\train\pos\solo_train_pos_24.jpg,solo,pos,G_norm,0.8282,0.8170,113.426086,114.795372,0.064438
solo_train_pos_24,C:\n.gonorrhea_diagnostic_app\dataset\solo\train\pos\solo_train_pos_24.jpg,solo,pos,G_ratio,0.8282,0.8170,247.684891,253.048813,0.064438
solo_train_pos_24,C:\n.gonorrhea_diagnostic_app\dataset\solo\train\pos\solo_train_pos_24.jpg,solo,pos,ExG,0.8282,0.8170,198.521225,255.000000,0.064438
solo_train_pos_25,C:\n.gonorrhea_diagnostic_app\dataset\solo\train\pos\solo_train_pos_25.jpg,solo,pos,G,0.8273,0.8134,234.031586,254.000000,0.053846
solo_train_pos_25,C:\n.gonorrhea_diagnostic_app\dataset\solo\train\pos\solo_train_pos_25.jpg,solo,pos,HSV_V,0.8273,0.8134,237.224655,254.000000,0.053846
solo_train_pos_25,C:\n.gonorrhea_diagnostic_app\dataset\solo\train\pos\solo_train_pos_25.jpg,solo,pos,GRAY,0.8273,0.8134,214.626541,231.000000,0.053846
solo_train_pos_25,C:\n.gonorrhea_diagnostic_app\dataset\solo\train\pos\solo_train_pos_25.jpg,solo,pos,HSV_S,0.8273,0.8134,195.581955,198.000000,0.053846
solo_train_pos_25,C:\n.gonorrhea_diagnostic_app\dataset\solo\train\pos\solo_train_pos_25.jpg,solo,pos,G_norm,0.8273,0.8134,113.216827,114.795372,0.053846
solo_train_pos_25,C:\n.gonorrhea_diagnostic_app\dataset\solo\train\pos\solo_train_pos_25.jpg,solo,pos,G_ratio,0.8273,0.8134,246.825760,252.969116,0.053846
solo_train_pos_25,C:\n.gonorrhea_diagnostic_app\dataset\solo\train\pos\solo_train_pos_25.jpg,solo,pos,ExG,0.8273,0.8134,209.571533,255.000000,0.053846
solo_train_pos_26,C:\n.gonorrhea_diagnostic_app\dataset\solo\train\pos\solo_train_pos_26.jpg,solo,pos,G,0.8403,0.8158,220.351105,242.000000,0.014022
solo_train_pos_26,C:\n.gonorrhea_diagnostic_app\dataset\solo\train\pos\solo_train_pos_26.jpg,solo,pos,HSV_V,0.8403,0.8158,247.396103,255.000000,0.014022
solo_train_pos_26,C:\n.gonorrhea_diagnostic_app\dataset\solo\train\pos\solo_train_pos_26.jpg,solo,pos,GRAY,0.8403,0.8158,210.524078,225.000000,0.014022
solo_train_pos_26,C:\n.gonorrhea_diagnostic_app\dataset\solo\train\pos\solo_train_pos_26.jpg,solo,pos,HSV_S,0.8403,0.8158,190.074890,192.000000,0.014022
solo_train_pos_26,C:\n.gonorrhea_diagnostic_app\dataset\solo\train\pos\solo_train_pos_26.jpg,solo,pos,G_norm,0.8403,0.8158,105.479942,110.218006,0.014022
solo_train_pos_26,C:\n.gonorrhea_diagnostic_app\dataset\solo\train\pos\solo_train_pos_26.jpg,solo,pos,G_ratio,0.8403,0.8158,224.862610,242.271960,0.014022
solo_train_pos_26,C:\n.gonorrhea_diagnostic_app\dataset\solo\train\pos\solo_train_pos_26.jpg,solo,pos,ExG,0.8403,0.8158,171.964905,224.005524,0.014022
solo_train_pos_27,C:\n.gonorrhea_diagnostic_app\dataset\solo\train\pos\solo_train_pos_27.jpg,solo,pos,G,0.8262,0.8180,220.566238,242.000000,0.011228
solo_train_pos_27,C:\n.gonorrhea_diagnostic_app\dataset\solo\train\pos\solo_train_pos_27.jpg,solo,pos,HSV_V,0.8262,0.8180,247.976349,255.000000,0.011228
solo_train_pos_27,C:\n.gonorrhea_diagnostic_app\dataset\solo\train\pos\solo_train_pos_27.jpg,solo,pos,GRAY,0.8262,0.8180,210.846970,225.000000,0.011228
solo_train_pos_27,C:\n.gonorrhea_diagnostic_app\dataset\solo\train\pos\solo_train_pos_27.jpg,solo,pos,HSV_S,0.8262,0.8180,189.760361,192.000000,0.011228
solo_train_pos_27,C:\n.gonorrhea_diagnostic_app\dataset\solo\train\pos\solo_train_pos_27.jpg,solo,pos,G_norm,0.8262,0.8180,105.485657,110.258011,0.011228
solo_train_pos_27,C:\n.gonorrhea_diagnostic_app\dataset\solo\train\pos\solo_train_pos_27.jpg,solo,pos,G_ratio,0.8262,0.8180,225.320175,242.999680,0.011228
solo_train_pos_27,C:\n.gonorrhea_diagnostic_app\dataset\solo\train\pos\solo_train_pos_27.jpg,solo,pos,ExG,0.8262,0.8180,151.237915,215.769226,0.011228
solo_train_pos_28,C:\n.gonorrhea_diagnostic_app\dataset\solo\train\pos\solo_train_pos_28.jpg,solo,pos,G,0.8329,0.8240,216.738083,233.000000,0.002775
solo_train_pos_28,C:\n.gonorrhea_diagnostic_app\dataset\solo\train\pos\solo_train_pos_28.jpg,solo,pos,HSV_V,0.8329,0.8240,248.530869,255.000000,0.002775
solo_train_pos_28,C:\n.gonorrhea_diagnostic_app\dataset\solo\train\pos\solo_train_pos_28.jpg,solo,pos,GRAY,0.8329,0.8240,208.913513,220.000000,0.002775
solo_train_pos_28,C:\n.gonorrhea_diagnostic_app\dataset\solo\train\pos\solo_train_pos_28.jpg,solo,pos,HSV_S,0.8329,0.8240,188.828094,192.000000,0.002775
solo_train_pos_28,C:\n.gonorrhea_diagnostic_app\dataset\solo\train\pos\solo_train_pos_28.jpg,solo,pos,G_norm,0.8329,0.8240,104.100044,107.490875,0.002775
solo_train_pos_28,C:\n.gonorrhea_diagnostic_app\dataset\solo\train\pos\solo_train_pos_28.jpg,solo,pos,G_ratio,0.8329,0.8240,220.293945,232.457123,0.002775
solo_train_pos_28,C:\n.gonorrhea_diagnostic_app\dataset\solo\train\pos\solo_train_pos_28.jpg,solo,pos,ExG,0.8329,0.8240,150.232254,197.542526,0.002775
solo_train_pos_29,C:\n.gonorrhea_diagnostic_app\dataset\solo\train\pos\solo_train_pos_29.jpg,solo,pos,G,0.8327,0.8184,216.772766,234.000000,0.003496
solo_train_pos_29,C:\n.gonorrhea_diagnostic_app\dataset\solo\train\pos\solo_train_pos_29.jpg,solo,pos,HSV_V,0.8327,0.8184,248.244385,255.000000,0.003496
solo_train_pos_29,C:\n.gonorrhea_diagnostic_app\dataset\solo\train\pos\solo_train_pos_29.jpg,solo,pos,GRAY,0.8327,0.8184,208.802170,221.000000,0.003496
solo_train_pos_29,C:\n.gonorrhea_diagnostic_app\dataset\solo\train\pos\solo_train_pos_29.jpg,solo,pos,HSV_S,0.8327,0.8184,189.158630,192.000000,0.003496
solo_train_pos_29,C:\n.gonorrhea_diagnostic_app\dataset\solo\train\pos\solo_train_pos_29.jpg,solo,pos,G_norm,0.8327,0.8184,104.218811,107.563629,0.003496
solo_train_pos_29,C:\n.gonorrhea_diagnostic_app\dataset\solo\train\pos\solo_train_pos_29.jpg,solo,pos,G_ratio,0.8327,0.8184,223.858765,236.039658,0.003496
solo_train_pos_29,C:\n.gonorrhea_diagnostic_app\dataset\solo\train\pos\solo_train_pos_29.jpg,solo,pos,ExG,0.8327,0.8184,148.282806,194.021744,0.003496
solo_train_pos_3,C:\n.gonorrhea_diagnostic_app\dataset\solo\train\pos\solo_train_pos_3.jpg,solo,pos,G,0.8410,0.8073,207.957565,230.000000,0.000726
solo_train_pos_3,C:\n.gonorrhea_diagnostic_app\dataset\solo\train\pos\solo_train_pos_3.jpg,solo,pos,HSV_V,0.8410,0.8073,224.464279,244.000000,0.000726
solo_train_pos_3,C:\n.gonorrhea_diagnostic_app\dataset\solo\train\pos\solo_train_pos_3.jpg,solo,pos,GRAY,0.8410,0.8073,193.351166,213.000000,0.000726
solo_train_pos_3,C:\n.gonorrhea_diagnostic_app\dataset\solo\train\pos\solo_train_pos_3.jpg,solo,pos,HSV_S,0.8410,0.8073,213.360870,217.000000,0.000726
solo_train_pos_3,C:\n.gonorrhea_diagnostic_app\dataset\solo\train\pos\solo_train_pos_3.jpg,solo,pos,G_norm,0.8410,0.8073,112.774284,114.179108,0.000726
solo_train_pos_3,C:\n.gonorrhea_diagnostic_app\dataset\solo\train\pos\solo_train_pos_3.jpg,solo,pos,G_ratio,0.8410,0.8073,243.247208,248.600082,0.000726
solo_train_pos_3,C:\n.gonorrhea_diagnostic_app\dataset\solo\train\pos\solo_train_pos_3.jpg,solo,pos,ExG,0.8410,0.8073,187.331863,225.709457,0.000726
solo_train_pos_30,C:\n.gonorrhea_diagnostic_app\dataset\solo\train\pos\solo_train_pos_30.jpg,solo,pos,G,0.8273,0.8200,228.253937,245.000000,0.018592
solo_train_pos_30,C:\n.gonorrhea_diagnostic_app\dataset\solo\train\pos\solo_train_pos_30.jpg,solo,pos,HSV_V,0.8273,0.8200,251.835434,255.000000,0.018592
solo_train_pos_30,C:\n.gonorrhea_diagnostic_app\dataset\solo\train\pos\solo_train_pos_30.jpg,solo,pos,GRAY,0.8273,0.8200,216.686890,227.000000,0.018592
solo_train_pos_30,C:\n.gonorrhea_diagnostic_app\dataset\solo\train\pos\solo_train_pos_30.jpg,solo,pos,HSV_S,0.8273,0.8200,189.470627,192.000000,0.018592
solo_train_pos_30,C:\n.gonorrhea_diagnostic_app\dataset\solo\train\pos\solo_train_pos_30.jpg,solo,pos,G_norm,0.8273,0.8200,106.666451,110.968033,0.018592
solo_train_pos_30,C:\n.gonorrhea_diagnostic_app\dataset\solo\train\pos\solo_train_pos_30.jpg,solo,pos,G_ratio,0.8273,0.8200,227.691635,243.643860,0.018592
solo_train_pos_30,C:\n.gonorrhea_diagnostic_app\dataset\solo\train\pos\solo_train_pos_30.jpg,solo,pos,ExG,0.8273,0.8200,157.478241,218.571426,0.018592
solo_train_pos_31,C:\n.gonorrhea_diagnostic_app\dataset\solo\train\pos\solo_train_pos_31.jpg,solo,pos,G,0.8467,0.8248,229.060120,243.000000,0.016717
solo_train_pos_31,C:\n.gonorrhea_diagnostic_app\dataset\solo\train\pos\solo_train_pos_31.jpg,solo,pos,HSV_V,0.8467,0.8248,252.383179,255.000000,0.016717
solo_train_pos_31,C:\n.gonorrhea_diagnostic_app\dataset\solo\train\pos\solo_train_pos_31.jpg,solo,pos,GRAY,0.8467,0.8248,217.357529,226.000000,0.016717
solo_train_pos_31,C:\n.gonorrhea_diagnostic_app\dataset\solo\train\pos\solo_train_pos_31.jpg,solo,pos,HSV_S,0.8467,0.8248,189.305695,192.000000,0.016717
solo_train_pos_31,C:\n.gonorrhea_diagnostic_app\dataset\solo\train\pos\solo_train_pos_31.jpg,solo,pos,G_norm,0.8467,0.8248,106.793854,110.651787,0.016717
solo_train_pos_31,C:\n.gonorrhea_diagnostic_app\dataset\solo\train\pos\solo_train_pos_31.jpg,solo,pos,G_ratio,0.8467,0.8248,228.283112,242.596344,0.016717
solo_train_pos_31,C:\n.gonorrhea_diagnostic_app\dataset\solo\train\pos\solo_train_pos_31.jpg,solo,pos,ExG,0.8467,0.8248,143.285721,207.187500,0.016717
solo_train_pos_32,C:\n.gonorrhea_diagnostic_app\dataset\solo\train\pos\solo_train_pos_32.jpg,solo,pos,G,0.8316,0.8146,203.238449,229.000000,0.001356
solo_train_pos_32,C:\n.gonorrhea_diagnostic_app\dataset\solo\train\pos\solo_train_pos_32.jpg,solo,pos,HSV_V,0.8316,0.8146,231.439514,251.000000,0.001356
solo_train_pos_32,C:\n.gonorrhea_diagnostic_app\dataset\solo\train\pos\solo_train_pos_32.jpg,solo,pos,GRAY,0.8316,0.8146,193.180893,215.000000,0.001356
solo_train_pos_32,C:\n.gonorrhea_diagnostic_app\dataset\solo\train\pos\solo_train_pos_32.jpg,solo,pos,HSV_S,0.8316,0.8146,210.159225,215.000000,0.001356
solo_train_pos_32,C:\n.gonorrhea_diagnostic_app\dataset\solo\train\pos\solo_train_pos_32.jpg,solo,pos,G_norm,0.8316,0.8146,108.642708,110.848885,0.001356
solo_train_pos_32,C:\n.gonorrhea_diagnostic_app\dataset\solo\train\pos\solo_train_pos_32.jpg,solo,pos,G_ratio,0.8316,0.8146,227.153305,235.150406,0.001356
solo_train_pos_32,C:\n.gonorrhea_diagnostic_app\dataset\solo\train\pos\solo_train_pos_32.jpg,solo,pos,ExG,0.8316,0.8146,179.614365,220.666473,0.001356
solo_train_pos_33,C:\n.gonorrhea_diagnostic_app\dataset\solo\train\pos\solo_train_pos_33.jpg,solo,pos,G,0.8305,0.8193,203.242859,228.000000,0.000702
solo_train_pos_33,C:\n.gonorrhea_diagnostic_app\dataset\solo\train\pos\solo_train_pos_33.jpg,solo,pos,HSV_V,0.8305,0.8193,231.519623,251.000000,0.000702
solo_train_pos_33,C:\n.gonorrhea_diagnostic_app\dataset\solo\train\pos\solo_train_pos_33.jpg,solo,pos,GRAY,0.8305,0.8193,193.222519,214.000000,0.000702
solo_train_pos_33,C:\n.gonorrhea_diagnostic_app\dataset\solo\train\pos\solo_train_pos_33.jpg,solo,pos,HSV_S,0.8305,0.8193,210.036087,215.000000,0.000702
solo_train_pos_33,C:\n.gonorrhea_diagnostic_app\dataset\solo\train\pos\solo_train_pos_33.jpg,solo,pos,G_norm,0.8305,0.8193,108.616005,110.890800,0.000702
solo_train_pos_33,C:\n.gonorrhea_diagnostic_app\dataset\solo\train\pos\solo_train_pos_33.jpg,solo,pos,G_ratio,0.8305,0.8193,228.323914,236.616959,0.000702
solo_train_pos_33,C:\n.gonorrhea_diagnostic_app\dataset\solo\train\pos\solo_train_pos_33.jpg,solo,pos,ExG,0.8305,0.8193,181.028793,222.307693,0.000702
solo_train_pos_34,C:\n.gonorrhea_diagnostic_app\dataset\solo\train\pos\solo_train_pos_34.jpg,solo,pos,G,0.8479,0.8229,225.902435,242.000000,0.014435
solo_train_pos_34,C:\n.gonorrhea_diagnostic_app\dataset\solo\train\pos\solo_train_pos_34.jpg,solo,pos,HSV_V,0.8479,0.8229,250.754105,255.000000,0.014435
solo_train_pos_34,C:\n.gonorrhea_diagnostic_app\dataset\solo\train\pos\solo_train_pos_34.jpg,solo,pos,GRAY,0.8479,0.8229,214.957825,225.000000,0.014435
solo_train_pos_34,C:\n.gonorrhea_diagnostic_app\dataset\solo\train\pos\solo_train_pos_34.jpg,solo,pos,HSV_S,0.8479,0.8229,189.437408,192.000000,0.014435
solo_train_pos_34,C:\n.gonorrhea_diagnostic_app\dataset\solo\train\pos\solo_train_pos_34.jpg,solo,pos,G_norm,0.8479,0.8229,106.295860,110.258011,0.014435
solo_train_pos_34,C:\n.gonorrhea_diagnostic_app\dataset\solo\train\pos\solo_train_pos_34.jpg,solo,pos,G_ratio,0.8479,0.8229,227.906631,242.617310,0.014435
solo_train_pos_34,C:\n.gonorrhea_diagnostic_app\dataset\solo\train\pos\solo_train_pos_34.jpg,solo,pos,ExG,0.8479,0.8229,160.782089,216.474823,0.014435
solo_train_pos_35,C:\n.gonorrhea_diagnostic_app\dataset\solo\train\pos\solo_train_pos_35.jpg,solo,pos,G,0.8576,0.8269,226.249115,242.000000,0.012727
solo_train_pos_35,C:\n.gonorrhea_diagnostic_app\dataset\solo\train\pos\solo_train_pos_35.jpg,solo,pos,HSV_V,0.8576,0.8269,251.060226,255.000000,0.012727
solo_train_pos_35,C:\n.gonorrhea_diagnostic_app\dataset\solo\train\pos\solo_train_pos_35.jpg,solo,pos,GRAY,0.8576,0.8269,215.271912,226.000000,0.012727
solo_train_pos_35,C:\n.gonorrhea_diagnostic_app\dataset\solo\train\pos\solo_train_pos_35.jpg,solo,pos,HSV_S,0.8576,0.8269,189.379364,192.000000,0.012727
solo_train_pos_35,C:\n.gonorrhea_diagnostic_app\dataset\solo\train\pos\solo_train_pos_35.jpg,solo,pos,G_norm,0.8576,0.8269,106.324821,110.258011,0.012727
solo_train_pos_35,C:\n.gonorrhea_diagnostic_app\dataset\solo\train\pos\solo_train_pos_35.jpg,solo,pos,G_ratio,0.8576,0.8269,227.821396,242.426865,0.012727
solo_train_pos_35,C:\n.gonorrhea_diagnostic_app\dataset\solo\train\pos\solo_train_pos_35.jpg,solo,pos,ExG,0.8576,0.8269,150.978760,212.160004,0.012727
solo_train_pos_36,C:\n.gonorrhea_diagnostic_app\dataset\solo\train\pos\solo_train_pos_36.jpg,solo,pos,G,0.8781,0.8209,231.452560,248.000000,0.021295
solo_train_pos_36,C:\n.gonorrhea_diagnostic_app\dataset\solo\train\pos\solo_train_pos_36.jpg,solo,pos,HSV_V,0.8781,0.8209,251.676880,255.000000,0.021295
solo_train_pos_36,C:\n.gonorrhea_diagnostic_app\dataset\solo\train\pos\solo_train_pos_36.jpg,solo,pos,GRAY,0.8781,0.8209,218.441177,229.000000,0.021295
solo_train_pos_36,C:\n.gonorrhea_diagnostic_app\dataset\solo\train\pos\solo_train_pos_36.jpg,solo,pos,HSV_S,0.8781,0.8209,190.201645,193.000000,0.021295
solo_train_pos_36,C:\n.gonorrhea_diagnostic_app\dataset\solo\train\pos\solo_train_pos_36.jpg,solo,pos,G_norm,0.8781,0.8209,107.745682,112.017860,0.021295
solo_train_pos_36,C:\n.gonorrhea_diagnostic_app\dataset\solo\train\pos\solo_train_pos_36.jpg,solo,pos,G_ratio,0.8781,0.8209,231.660049,247.754715,0.021295
solo_train_pos_36,C:\n.gonorrhea_diagnostic_app\dataset\solo\train\pos\solo_train_pos_36.jpg,solo,pos,ExG,0.8781,0.8209,153.459122,226.926605,0.021295
solo_train_pos_37,C:\n.gonorrhea_diagnostic_app\dataset\solo\train\pos\solo_train_pos_37.jpg,solo,pos,G,0.8752,0.8212,230.559464,247.000000,0.020483
solo_train_pos_37,C:\n.gonorrhea_diagnostic_app\dataset\solo\train\pos\solo_train_pos_37.jpg,solo,pos,HSV_V,0.8752,0.8212,251.949844,255.000000,0.020483
solo_train_pos_37,C:\n.gonorrhea_diagnostic_app\dataset\solo\train\pos\solo_train_pos_37.jpg,solo,pos,GRAY,0.8752,0.8212,218.019257,228.000000,0.020483
solo_train_pos_37,C:\n.gonorrhea_diagnostic_app\dataset\solo\train\pos\solo_train_pos_37.jpg,solo,pos,HSV_S,0.8752,0.8212,189.892792,193.000000,0.020483
solo_train_pos_37,C:\n.gonorrhea_diagnostic_app\dataset\solo\train\pos\solo_train_pos_37.jpg,solo,pos,G_norm,0.8752,0.8212,107.414558,111.873894,0.020483
solo_train_pos_37,C:\n.gonorrhea_diagnostic_app\dataset\solo\train\pos\solo_train_pos_37.jpg,solo,pos,G_ratio,0.8752,0.8212,230.389069,247.187408,0.020483
solo_train_pos_37,C:\n.gonorrhea_diagnostic_app\dataset\solo\train\pos\solo_train_pos_37.jpg,solo,pos,ExG,0.8752,0.8212,147.434158,224.587158,0.020483
solo_train_pos_38,C:\n.gonorrhea_diagnostic_app\dataset\solo\train\pos\solo_train_pos_38.jpg,solo,pos,G,0.8670,0.8268,222.475082,240.000000,0.013554
solo_train_pos_38,C:\n.gonorrhea_diagnostic_app\dataset\solo\train\pos\solo_train_pos_38.jpg,solo,pos,HSV_V,0.8670,0.8268,249.992355,255.000000,0.013554
solo_train_pos_38,C:\n.gonorrhea_diagnostic_app\dataset\solo\train\pos\solo_train_pos_38.jpg,solo,pos,GRAY,0.8670,0.8268,212.691177,224.000000,0.013554
solo_train_pos_38,C:\n.gonorrhea_diagnostic_app\dataset\solo\train\pos\solo_train_pos_38.jpg,solo,pos,HSV_S,0.8670,0.8268,189.081345,191.000000,0.013554
solo_train_pos_38,C:\n.gonorrhea_diagnostic_app\dataset\solo\train\pos\solo_train_pos_38.jpg,solo,pos,G_norm,0.8670,0.8268,105.483864,109.677422,0.013554
solo_train_pos_38,C:\n.gonorrhea_diagnostic_app\dataset\solo\train\pos\solo_train_pos_38.jpg,solo,pos,G_ratio,0.8670,0.8268,224.552979,239.999695,0.013554
solo_train_pos_38,C:\n.gonorrhea_diagnostic_app\dataset\solo\train\pos\solo_train_pos_38.jpg,solo,pos,ExG,0.8670,0.8268,131.839447,199.285721,0.013554
solo_train_pos_39,C:\n.gonorrhea_diagnostic_app\dataset\solo\train\pos\solo_train_pos_39.jpg,solo,pos,G,0.8696,0.8304,221.658463,240.000000,0.010835
solo_train_pos_39,C:\n.gonorrhea_diagnostic_app\dataset\solo\train\pos\solo_train_pos_39.jpg,solo,pos,HSV_V,0.8696,0.8304,249.526688,255.000000,0.010835
solo_train_pos_39,C:\n.gonorrhea_diagnostic_app\dataset\solo\train\pos\solo_train_pos_39.jpg,solo,pos,GRAY,0.8696,0.8304,212.051193,224.000000,0.010835
solo_train_pos_39,C:\n.gonorrhea_diagnostic_app\dataset\solo\train\pos\solo_train_pos_39.jpg,solo,pos,HSV_S,0.8696,0.8304,189.214233,192.000000,0.010835
solo_train_pos_39,C:\n.gonorrhea_diagnostic_app\dataset\solo\train\pos\solo_train_pos_39.jpg,solo,pos,G_norm,0.8696,0.8304,105.375214,109.746834,0.010835
solo_train_pos_39,C:\n.gonorrhea_diagnostic_app\dataset\solo\train\pos\solo_train_pos_39.jpg,solo,pos,G_ratio,0.8696,0.8304,224.176682,240.266373,0.010835
solo_train_pos_39,C:\n.gonorrhea_diagnostic_app\dataset\solo\train\pos\solo_train_pos_39.jpg,solo,pos,ExG,0.8696,0.8304,142.126663,204.772736,0.010835
solo_train_pos_4,C:\n.gonorrhea_diagnostic_app\dataset\solo\train\pos\solo_train_pos_4.jpg,solo,pos,G,0.8402,0.8057,208.177811,231.000000,0.001905
solo_train_pos_4,C:\n.gonorrhea_diagnostic_app\dataset\solo\train\pos\solo_train_pos_4.jpg,solo,pos,HSV_V,0.8402,0.8057,224.520645,244.000000,0.001905
solo_train_pos_4,C:\n.gonorrhea_diagnostic_app\dataset\solo\train\pos\solo_train_pos_4.jpg,solo,pos,GRAY,0.8402,0.8057,193.492081,214.000000,0.001905
solo_train_pos_4,C:\n.gonorrhea_diagnostic_app\dataset\solo\train\pos\solo_train_pos_4.jpg,solo,pos,HSV_S,0.8402,0.8057,213.210541,217.000000,0.001905
solo_train_pos_4,C:\n.gonorrhea_diagnostic_app\dataset\solo\train\pos\solo_train_pos_4.jpg,solo,pos,G_norm,0.8402,0.8057,112.820114,114.310349,0.001905
solo_train_pos_4,C:\n.gonorrhea_diagnostic_app\dataset\solo\train\pos\solo_train_pos_4.jpg,solo,pos,G_ratio,0.8402,0.8057,241.492523,247.156448,0.001905
solo_train_pos_4,C:\n.gonorrhea_diagnostic_app\dataset\solo\train\pos\solo_train_pos_4.jpg,solo,pos,ExG,0.8402,0.8057,182.884064,221.586197,0.001905
solo_train_pos_40,C:\n.gonorrhea_diagnostic_app\dataset\solo\train\pos\solo_train_pos_40.jpg,solo,pos,G,0.8797,0.8302,221.902557,237.000000,0.012537
solo_train_pos_40,C:\n.gonorrhea_diagnostic_app\dataset\solo\train\pos\solo_train_pos_40.jpg,solo,pos,HSV_V,0.8797,0.8302,250.773804,255.000000,0.012537
solo_train_pos_40,C:\n.gonorrhea_diagnostic_app\dataset\solo\train\pos\solo_train_pos_40.jpg,solo,pos,GRAY,0.8797,0.8302,212.652039,223.000000,0.012537
solo_train_pos_40,C:\n.gonorrhea_diagnostic_app\dataset\solo\train\pos\solo_train_pos_40.jpg,solo,pos,HSV_S,0.8797,0.8302,188.737015,192.000000,0.012537
solo_train_pos_40,C:\n.gonorrhea_diagnostic_app\dataset\solo\train\pos\solo_train_pos_40.jpg,solo,pos,G_norm,0.8797,0.8302,105.114899,108.756805,0.012537
solo_train_pos_40,C:\n.gonorrhea_diagnostic_app\dataset\solo\train\pos\solo_train_pos_40.jpg,solo,pos,G_ratio,0.8797,0.8302,222.103058,235.336334,0.012537
solo_train_pos_40,C:\n.gonorrhea_diagnostic_app\dataset\solo\train\pos\solo_train_pos_40.jpg,solo,pos,ExG,0.8797,0.8302,117.064713,179.189194,0.012537
solo_train_pos_5,C:\n.gonorrhea_diagnostic_app\dataset\solo\train\pos\solo_train_pos_5.jpg,solo,pos,G,0.8709,0.8383,213.103882,235.000000,0.000000
solo_train_pos_5,C:\n.gonorrhea_diagnostic_app\dataset\solo\train\pos\solo_train_pos_5.jpg,solo,pos,HSV_V,0.8709,0.8383,247.031586,255.000000,0.000000
solo_train_pos_5,C:\n.gonorrhea_diagnostic_app\dataset\solo\train\pos\solo_train_pos_5.jpg,solo,pos,GRAY,0.8709,0.8383,203.785263,219.000000,0.000000
solo_train_pos_5,C:\n.gonorrhea_diagnostic_app\dataset\solo\train\pos\solo_train_pos_5.jpg,solo,pos,HSV_S,0.8709,0.8383,212.084824,214.000000,0.000000
solo_train_pos_5,C:\n.gonorrhea_diagnostic_app\dataset\solo\train\pos\solo_train_pos_5.jpg,solo,pos,G_norm,0.8709,0.8383,107.959541,112.528412,0.000000
solo_train_pos_5,C:\n.gonorrhea_diagnostic_app\dataset\solo\train\pos\solo_train_pos_5.jpg,solo,pos,G_ratio,0.8709,0.8383,223.176437,239.730850,0.000000
solo_train_pos_5,C:\n.gonorrhea_diagnostic_app\dataset\solo\train\pos\solo_train_pos_5.jpg,solo,pos,ExG,0.8709,0.8383,173.754883,225.175446,0.000000
solo_train_pos_6,C:\n.gonorrhea_diagnostic_app\dataset\solo\train\pos\solo_train_pos_6.jpg,solo,pos,G,0.8366,0.8139,200.082291,223.000000,0.000000
solo_train_pos_6,C:\n.gonorrhea_diagnostic_app\dataset\solo\train\pos\solo_train_pos_6.jpg,solo,pos,HSV_V,0.8366,0.8139,230.783478,250.000000,0.000000
solo_train_pos_6,C:\n.gonorrhea_diagnostic_app\dataset\solo\train\pos\solo_train_pos_6.jpg,solo,pos,GRAY,0.8366,0.8139,191.167252,211.000000,0.000000
solo_train_pos_6,C:\n.gonorrhea_diagnostic_app\dataset\solo\train\pos\solo_train_pos_6.jpg,solo,pos,HSV_S,0.8366,0.8139,209.426544,214.000000,0.000000
solo_train_pos_6,C:\n.gonorrhea_diagnostic_app\dataset\solo\train\pos\solo_train_pos_6.jpg,solo,pos,G_norm,0.8366,0.8139,107.832756,109.570312,0.000000
solo_train_pos_6,C:\n.gonorrhea_diagnostic_app\dataset\solo\train\pos\solo_train_pos_6.jpg,solo,pos,G_ratio,0.8366,0.8139,226.411789,232.690872,0.000000
solo_train_pos_6,C:\n.gonorrhea_diagnostic_app\dataset\solo\train\pos\solo_train_pos_6.jpg,solo,pos,ExG,0.8366,0.8139,151.584854,191.250000,0.000000
solo_train_pos_7,C:\n.gonorrhea_diagnostic_app\dataset\solo\train\pos\solo_train_pos_7.jpg,solo,pos,G,0.8484,0.8221,201.081863,225.000000,0.000000
solo_train_pos_7,C:\n.gonorrhea_diagnostic_app\dataset\solo\train\pos\solo_train_pos_7.jpg,solo,pos,HSV_V,0.8484,0.8221,234.658340,252.000000,0.000000
solo_train_pos_7,C:\n.gonorrhea_diagnostic_app\dataset\solo\train\pos\solo_train_pos_7.jpg,solo,pos,GRAY,0.8484,0.8221,193.108200,213.000000,0.000000
solo_train_pos_7,C:\n.gonorrhea_diagnostic_app\dataset\solo\train\pos\solo_train_pos_7.jpg,solo,pos,HSV_S,0.8484,0.8221,208.452332,213.000000,0.000000
solo_train_pos_7,C:\n.gonorrhea_diagnostic_app\dataset\solo\train\pos\solo_train_pos_7.jpg,solo,pos,G_norm,0.8484,0.8221,106.970886,109.145874,0.000000
solo_train_pos_7,C:\n.gonorrhea_diagnostic_app\dataset\solo\train\pos\solo_train_pos_7.jpg,solo,pos,G_ratio,0.8484,0.8221,224.157135,232.039429,0.000000
solo_train_pos_7,C:\n.gonorrhea_diagnostic_app\dataset\solo\train\pos\solo_train_pos_7.jpg,solo,pos,ExG,0.8484,0.8221,129.115860,184.166656,0.000000
solo_train_pos_8,C:\n.gonorrhea_diagnostic_app\dataset\solo\train\pos\solo_train_pos_8.jpg,solo,pos,G,0.8524,0.8235,200.982590,225.000000,0.000000
solo_train_pos_8,C:\n.gonorrhea_diagnostic_app\dataset\solo\train\pos\solo_train_pos_8.jpg,solo,pos,HSV_V,0.8524,0.8235,234.767548,252.000000,0.000000
solo_train_pos_8,C:\n.gonorrhea_diagnostic_app\dataset\solo\train\pos\solo_train_pos_8.jpg,solo,pos,GRAY,0.8524,0.8235,193.111755,213.000000,0.000000
solo_train_pos_8,C:\n.gonorrhea_diagnostic_app\dataset\solo\train\pos\solo_train_pos_8.jpg,solo,pos,HSV_S,0.8524,0.8235,208.375458,213.000000,0.000000
solo_train_pos_8,C:\n.gonorrhea_diagnostic_app\dataset\solo\train\pos\solo_train_pos_8.jpg,solo,pos,G_norm,0.8524,0.8235,106.901459,109.077950,0.000000
solo_train_pos_8,C:\n.gonorrhea_diagnostic_app\dataset\solo\train\pos\solo_train_pos_8.jpg,solo,pos,G_ratio,0.8524,0.8235,224.806351,232.717972,0.000000
solo_train_pos_8,C:\n.gonorrhea_diagnostic_app\dataset\solo\train\pos\solo_train_pos_8.jpg,solo,pos,ExG,0.8524,0.8235,124.584091,181.121490,0.000000
solo_train_pos_9,C:\n.gonorrhea_diagnostic_app\dataset\solo\train\pos\solo_train_pos_9.jpg,solo,pos,G,0.8181,0.8103,221.218277,239.000000,0.008617
solo_train_pos_9,C:\n.gonorrhea_diagnostic_app\dataset\solo\train\pos\solo_train_pos_9.jpg,solo,pos,HSV_V,0.8181,0.8103,250.284943,255.000000,0.008617
solo_train_pos_9,C:\n.gonorrhea_diagnostic_app\dataset\solo\train\pos\solo_train_pos_9.jpg,solo,pos,GRAY,0.8181,0.8103,212.079224,224.000000,0.008617
solo_train_pos_9,C:\n.gonorrhea_diagnostic_app\dataset\solo\train\pos\solo_train_pos_9.jpg,solo,pos,HSV_S,0.8181,0.8103,189.165833,192.000000,0.008617
solo_train_pos_9,C:\n.gonorrhea_diagnostic_app\dataset\solo\train\pos\solo_train_pos_9.jpg,solo,pos,G_norm,0.8181,0.8103,104.913010,109.154678,0.008617
solo_train_pos_9,C:\n.gonorrhea_diagnostic_app\dataset\solo\train\pos\solo_train_pos_9.jpg,solo,pos,G_ratio,0.8181,0.8103,223.341400,238.748138,0.008617
solo_train_pos_9,C:\n.gonorrhea_diagnostic_app\dataset\solo\train\pos\solo_train_pos_9.jpg,solo,pos,ExG,0.8181,0.8103,162.737167,211.698120,0.008617
